dist_from_nuclear_lamina	fluorescence_intensity	condition
0	NA	6h
0.005025125628141	NA	6h
0.010050251256281	5023.5	6h
0.015075376884422	42745	6h
0.020100502512563	28105	6h
0.025125628140704	20701	6h
0.030150753768844	22431	6h
0.035175879396985	24830	6h
0.040201005025126	27077	6h
0.045226130653266	25048	6h
0.050251256281407	26871	6h
0.055276381909548	28608	6h
0.060301507537688	28528	6h
0.065326633165829	27740	6h
0.07035175879397	29844	6h
0.075376884422111	31886	6h
0.080402010050251	33329	6h
0.085427135678392	34294	6h
0.090452261306533	33524	6h
0.095477386934673	33036	6h
0.100502512562814	34230	6h
0.105527638190955	35747	6h
0.110552763819095	36928	6h
0.115577889447236	37289	6h
0.120603015075377	37262	6h
0.125628140703518	38403	6h
0.130653266331658	39021	6h
0.135678391959799	39647	6h
0.14070351758794	40505	6h
0.14572864321608	41265	6h
0.150753768844221	41895	6h
0.155778894472362	42683	6h
0.160804020100503	42769	6h
0.165829145728643	43267	6h
0.170854271356784	43436	6h
0.175879396984925	43792	6h
0.180904522613065	44748	6h
0.185929648241206	44727	6h
0.190954773869347	45864	6h
0.195979899497487	46706	6h
0.201005025125628	47127	6h
0.206030150753769	47720	6h
0.21105527638191	47962	6h
0.21608040201005	48140	6h
0.221105527638191	48276	6h
0.226130653266332	49023	6h
0.231155778894472	47917	6h
0.236180904522613	50096	6h
0.241206030150754	49988	6h
0.246231155778894	49732	6h
0.251256281407035	50760	6h
0.256281407035176	51046	6h
0.261306532663317	51382	6h
0.266331658291457	51640	6h
0.271356783919598	51526	6h
0.276381909547739	51993	6h
0.281407035175879	51956	6h
0.28643216080402	52488	6h
0.291457286432161	51922	6h
0.296482412060302	52630	6h
0.301507537688442	53321	6h
0.306532663316583	52956	6h
0.311557788944724	52655.5	6h
0.316582914572864	53755	6h
0.321608040201005	53732	6h
0.326633165829146	53602	6h
0.331658291457286	53829	6h
0.336683417085427	54006	6h
0.341708542713568	54320	6h
0.346733668341709	53885	6h
0.351758793969849	53337	6h
0.35678391959799	54817	6h
0.361809045226131	54227	6h
0.366834170854271	54638	6h
0.371859296482412	54106	6h
0.376884422110553	54454	6h
0.381909547738693	54953	6h
0.386934673366834	54585	6h
0.391959798994975	54738	6h
0.396984924623116	55165	6h
0.402010050251256	54782	6h
0.407035175879397	53992	6h
0.412060301507538	54981	6h
0.417085427135678	55021	6h
0.422110552763819	54938	6h
0.42713567839196	55104	6h
0.4321608040201	54727	6h
0.437185929648241	54745	6h
0.442211055276382	54684	6h
0.447236180904523	54774	6h
0.452261306532663	55235	6h
0.457286432160804	55334	6h
0.462311557788945	54755	6h
0.467336683417085	53899	6h
0.472361809045226	55013	6h
0.477386934673367	55367	6h
0.482412060301508	54864	6h
0.487437185929648	54751	6h
0.492462311557789	54664	6h
0.49748743718593	54479	6h
0.50251256281407	54659	6h
0.507537688442211	54727	6h
0.512562814070352	54858	6h
0.517587939698492	54967	6h
0.522613065326633	54633	6h
0.527638190954774	53606	6h
0.532663316582915	54668	6h
0.537688442211055	54932	6h
0.542713567839196	54702	6h
0.547738693467337	54247	6h
0.552763819095477	54206	6h
0.557788944723618	54180	6h
0.562814070351759	54330	6h
0.5678391959799	54505	6h
0.57286432160804	54402	6h
0.577889447236181	54215	6h
0.582914572864322	54093	6h
0.587939698492462	53486	6h
0.592964824120603	54217	6h
0.597989949748744	54318	6h
0.603015075376884	53981	6h
0.608040201005025	53818	6h
0.613065326633166	54186	6h
0.618090452261307	53864	6h
0.623115577889447	53698	6h
0.628140703517588	53871	6h
0.633165829145729	53819.5	6h
0.638190954773869	53928	6h
0.64321608040201	52975	6h
0.648241206030151	53645	6h
0.653266331658292	53594	6h
0.658291457286432	53469	6h
0.663316582914573	53343	6h
0.668341708542714	53632	6h
0.673366834170854	53600	6h
0.678391959798995	53367	6h
0.683417085427136	53396	6h
0.688442211055276	53440	6h
0.693467336683417	53358	6h
0.698492462311558	53170	6h
0.703517587939699	52770	6h
0.708542713567839	53110	6h
0.71356783919598	53077	6h
0.718592964824121	52988	6h
0.723618090452261	52917	6h
0.728643216080402	52975	6h
0.733668341708543	53069	6h
0.738693467336683	53148	6h
0.743718592964824	53050	6h
0.748743718592965	53170	6h
0.753768844221106	52960	6h
0.758793969849246	52702	6h
0.763819095477387	52218	6h
0.768844221105528	52643	6h
0.773869346733668	52338	6h
0.778894472361809	52654	6h
0.78391959798995	52973	6h
0.78894472361809	52966	6h
0.793969849246231	52679	6h
0.798994974874372	52600	6h
0.804020100502513	52243	6h
0.809045226130653	52856	6h
0.814070351758794	52591	6h
0.819095477386935	52588	6h
0.824120603015075	52343	6h
0.829145728643216	52419	6h
0.834170854271357	52091	6h
0.839195979899497	52061	6h
0.844221105527638	52439	6h
0.849246231155779	52316	6h
0.85427135678392	52429	6h
0.85929648241206	52536	6h
0.864321608040201	52418	6h
0.869346733668342	52241	6h
0.874371859296482	52732	6h
0.879396984924623	52702	6h
0.884422110552764	52643	6h
0.889447236180904	52009	6h
0.894472361809045	50995	6h
0.899497487437186	50948	6h
0.904522613065327	52381	6h
0.909547738693467	52859	6h
0.914572864321608	52313.5	6h
0.919597989949749	52212	6h
0.924623115577889	51141	6h
0.92964824120603	49708	6h
0.934673366834171	55232	6h
0.939698492462312	53091	6h
0.944723618090452	49439	6h
0.949748743718593	51513	6h
0.954773869346734	53368	6h
0.959798994974874	50521	6h
0.964824120603015	41822	6h
0.969849246231156	NA	6h
0.974874371859296	NA	6h
0.979899497487437	NA	6h
0.984924623115578	NA	6h
0.989949748743719	NA	6h
0.994974874371859	52425	6h
1	NA	6h
0	NA	2h
0.005025125628141	NA	2h
0.010050251256281	118528	2h
0.015075376884422	92927	2h
0.020100502512563	75258	2h
0.025125628140704	20551	2h
0.030150753768844	21360	2h
0.035175879396985	23220	2h
0.040201005025126	25952	2h
0.045226130653266	23844	2h
0.050251256281407	25227	2h
0.055276381909548	27665	2h
0.060301507537688	27424	2h
0.065326633165829	26288	2h
0.07035175879397	28424	2h
0.075376884422111	30192	2h
0.080402010050251	31853	2h
0.085427135678392	32367	2h
0.090452261306533	31667	2h
0.095477386934673	31403	2h
0.100502512562814	32732	2h
0.105527638190955	34187	2h
0.110552763819095	35335	2h
0.115577889447236	35473	2h
0.120603015075377	35714	2h
0.125628140703518	36744	2h
0.130653266331658	37514	2h
0.135678391959799	37949	2h
0.14070351758794	38727	2h
0.14572864321608	39621	2h
0.150753768844221	39841	2h
0.155778894472362	40575	2h
0.160804020100503	41135	2h
0.165829145728643	41594	2h
0.170854271356784	41834	2h
0.175879396984925	42517	2h
0.180904522613065	43358	2h
0.185929648241206	43266	2h
0.190954773869347	44285	2h
0.195979899497487	44807	2h
0.201005025125628	45522	2h
0.206030150753769	46087	2h
0.21105527638191	46319	2h
0.21608040201005	46660	2h
0.221105527638191	46627	2h
0.226130653266332	47541	2h
0.231155778894472	46823	2h
0.236180904522613	48532	2h
0.241206030150754	48612	2h
0.246231155778894	48822	2h
0.251256281407035	49355	2h
0.256281407035176	49673	2h
0.261306532663317	49997	2h
0.266331658291457	50280	2h
0.271356783919598	50143	2h
0.276381909547739	50571	2h
0.281407035175879	50756	2h
0.28643216080402	51341	2h
0.291457286432161	51082	2h
0.296482412060302	51639	2h
0.301507537688442	52202	2h
0.306532663316583	51889	2h
0.311557788944724	51938	2h
0.316582914572864	52684	2h
0.321608040201005	52639	2h
0.326633165829146	52578	2h
0.331658291457286	52764	2h
0.336683417085427	53035	2h
0.341708542713568	53443	2h
0.346733668341709	53039	2h
0.351758793969849	52803	2h
0.35678391959799	53858	2h
0.361809045226131	53386	2h
0.366834170854271	53919	2h
0.371859296482412	53750	2h
0.376884422110553	53639	2h
0.381909547738693	54161	2h
0.386934673366834	53809	2h
0.391959798994975	53972	2h
0.396984924623116	54277	2h
0.402010050251256	54100	2h
0.407035175879397	53670	2h
0.412060301507538	54389	2h
0.417085427135678	54270	2h
0.422110552763819	54341	2h
0.42713567839196	54473	2h
0.4321608040201	54277	2h
0.437185929648241	54374	2h
0.442211055276382	54141	2h
0.447236180904523	54155	2h
0.452261306532663	54505	2h
0.457286432160804	54766	2h
0.462311557788945	54217	2h
0.467336683417085	53766	2h
0.472361809045226	54334	2h
0.477386934673367	54755	2h
0.482412060301508	54340	2h
0.487437185929648	54247	2h
0.492462311557789	54208	2h
0.49748743718593	54410	2h
0.50251256281407	54056	2h
0.507537688442211	54149	2h
0.512562814070352	54361	2h
0.517587939698492	54460	2h
0.522613065326633	54207	2h
0.527638190954774	53663	2h
0.532663316582915	54105	2h
0.537688442211055	54437	2h
0.542713567839196	53966	2h
0.547738693467337	53859	2h
0.552763819095477	53912	2h
0.557788944723618	54030	2h
0.562814070351759	53939	2h
0.5678391959799	54015	2h
0.57286432160804	53959	2h
0.577889447236181	53825	2h
0.582914572864322	53818	2h
0.587939698492462	53467	2h
0.592964824120603	53680	2h
0.597989949748744	53742	2h
0.603015075376884	53520	2h
0.608040201005025	53391	2h
0.613065326633166	53672	2h
0.618090452261307	53447	2h
0.623115577889447	53729	2h
0.628140703517588	53506	2h
0.633165829145729	53311	2h
0.638190954773869	53373	2h
0.64321608040201	53273	2h
0.648241206030151	53161	2h
0.653266331658292	53241	2h
0.658291457286432	53088	2h
0.663316582914573	52943	2h
0.668341708542714	53133	2h
0.673366834170854	53076	2h
0.678391959798995	52912	2h
0.683417085427136	53365	2h
0.688442211055276	53029	2h
0.693467336683417	52928	2h
0.698492462311558	52962	2h
0.703517587939699	52996	2h
0.708542713567839	52708	2h
0.71356783919598	52532	2h
0.718592964824121	52510.5	2h
0.723618090452261	52352	2h
0.728643216080402	52557	2h
0.733668341708543	52718	2h
0.738693467336683	52700	2h
0.743718592964824	52704	2h
0.748743718592965	53241	2h
0.753768844221106	52474	2h
0.758793969849246	52444	2h
0.763819095477387	52335	2h
0.768844221105528	51951	2h
0.773869346733668	52072	2h
0.778894472361809	52056	2h
0.78391959798995	52606	2h
0.78894472361809	52630	2h
0.793969849246231	52066	2h
0.798994974874372	52101	2h
0.804020100502513	51632	2h
0.809045226130653	52713	2h
0.814070351758794	52244	2h
0.819095477386935	52913	2h
0.824120603015075	52144	2h
0.829145728643216	52030	2h
0.834170854271357	51361	2h
0.839195979899497	51545	2h
0.844221105527638	51547	2h
0.849246231155779	51856	2h
0.85427135678392	52023	2h
0.85929648241206	51949	2h
0.864321608040201	52219.5	2h
0.869346733668342	51753	2h
0.874371859296482	52427	2h
0.879396984924623	52394	2h
0.884422110552764	52539	2h
0.889447236180904	51570	2h
0.894472361809045	50631	2h
0.899497487437186	49882	2h
0.904522613065327	51325	2h
0.909547738693467	52557	2h
0.914572864321608	51961	2h
0.919597989949749	51456	2h
0.924623115577889	50909	2h
0.92964824120603	48631	2h
0.934673366834171	55208	2h
0.939698492462312	53626	2h
0.944723618090452	48162	2h
0.949748743718593	50483	2h
0.954773869346734	53813	2h
0.959798994974874	49161	2h
0.964824120603015	42871	2h
0.969849246231156	NA	2h
0.974874371859296	NA	2h
0.979899497487437	NA	2h
0.984924623115578	NA	2h
0.989949748743719	NA	2h
0.994974874371859	51718	2h
1	NA	2h
0	NA	1h
0.005025125628141	NA	1h
0.010050251256281	65148	1h
0.015075376884422	75976	1h
0.020100502512563	51587	1h
0.025125628140704	21367	1h
0.030150753768844	22705	1h
0.035175879396985	24518	1h
0.040201005025126	26246	1h
0.045226130653266	25279	1h
0.050251256281407	26747	1h
0.055276381909548	27228	1h
0.060301507537688	27143	1h
0.065326633165829	27948	1h
0.07035175879397	30128	1h
0.075376884422111	32100	1h
0.080402010050251	33282	1h
0.085427135678392	33092	1h
0.090452261306533	32333	1h
0.095477386934673	32968	1h
0.100502512562814	34657	1h
0.105527638190955	35745	1h
0.110552763819095	36282	1h
0.115577889447236	36212	1h
0.120603015075377	37000	1h
0.125628140703518	38073	1h
0.130653266331658	38809	1h
0.135678391959799	39630	1h
0.14070351758794	40534	1h
0.14572864321608	41749	1h
0.150753768844221	42098	1h
0.155778894472362	42326	1h
0.160804020100503	42619	1h
0.165829145728643	42660	1h
0.170854271356784	43064	1h
0.175879396984925	43593	1h
0.180904522613065	45323	1h
0.185929648241206	45240	1h
0.190954773869347	46683	1h
0.195979899497487	46800	1h
0.201005025125628	47778	1h
0.206030150753769	47480	1h
0.21105527638191	47959	1h
0.21608040201005	48229	1h
0.221105527638191	48042	1h
0.226130653266332	49808	1h
0.231155778894472	47870	1h
0.236180904522613	50469	1h
0.241206030150754	50545	1h
0.246231155778894	50394	1h
0.251256281407035	51346	1h
0.256281407035176	51460	1h
0.261306532663317	51535	1h
0.266331658291457	52115	1h
0.271356783919598	51761	1h
0.276381909547739	51845	1h
0.281407035175879	52256	1h
0.28643216080402	52794	1h
0.291457286432161	51908	1h
0.296482412060302	53039	1h
0.301507537688442	53758	1h
0.306532663316583	53417	1h
0.311557788944724	53047	1h
0.316582914572864	54262	1h
0.321608040201005	54036.5	1h
0.326633165829146	53691	1h
0.331658291457286	53349	1h
0.336683417085427	54234	1h
0.341708542713568	54575	1h
0.346733668341709	54031	1h
0.351758793969849	52961	1h
0.35678391959799	54804	1h
0.361809045226131	54111	1h
0.366834170854271	54752	1h
0.371859296482412	54248	1h
0.376884422110553	54586	1h
0.381909547738693	54719	1h
0.386934673366834	53782	1h
0.391959798994975	54631	1h
0.396984924623116	54682	1h
0.402010050251256	54566	1h
0.407035175879397	53251	1h
0.412060301507538	54612	1h
0.417085427135678	54478.5	1h
0.422110552763819	54649	1h
0.42713567839196	54553	1h
0.4321608040201	54251	1h
0.437185929648241	54109	1h
0.442211055276382	53609	1h
0.447236180904523	54173	1h
0.452261306532663	54319	1h
0.457286432160804	54640	1h
0.462311557788945	53920	1h
0.467336683417085	52442	1h
0.472361809045226	54103	1h
0.477386934673367	54336	1h
0.482412060301508	53862	1h
0.487437185929648	53868	1h
0.492462311557789	53524.5	1h
0.49748743718593	52794	1h
0.50251256281407	53540	1h
0.507537688442211	53644	1h
0.512562814070352	53568	1h
0.517587939698492	53597	1h
0.522613065326633	53309	1h
0.527638190954774	51731	1h
0.532663316582915	53119	1h
0.537688442211055	53526.5	1h
0.542713567839196	52876	1h
0.547738693467337	52794	1h
0.552763819095477	52185	1h
0.557788944723618	52450	1h
0.562814070351759	52678	1h
0.5678391959799	52748	1h
0.57286432160804	52727	1h
0.577889447236181	52393	1h
0.582914572864322	52316	1h
0.587939698492462	51332	1h
0.592964824120603	52223	1h
0.597989949748744	52222	1h
0.603015075376884	51987	1h
0.608040201005025	51197	1h
0.613065326633166	52023	1h
0.618090452261307	51986	1h
0.623115577889447	51661	1h
0.628140703517588	51734	1h
0.633165829145729	51539	1h
0.638190954773869	51687	1h
0.64321608040201	50671	1h
0.648241206030151	51420	1h
0.653266331658292	51531	1h
0.658291457286432	51207	1h
0.663316582914573	50520	1h
0.668341708542714	51003	1h
0.673366834170854	51155	1h
0.678391959798995	51172	1h
0.683417085427136	50757	1h
0.688442211055276	51072	1h
0.693467336683417	50957	1h
0.698492462311558	50856	1h
0.703517587939699	50270	1h
0.708542713567839	50660	1h
0.71356783919598	50614	1h
0.718592964824121	49918	1h
0.723618090452261	50261	1h
0.728643216080402	50475	1h
0.733668341708543	50360	1h
0.738693467336683	50397	1h
0.743718592964824	50464	1h
0.748743718592965	50155	1h
0.753768844221106	50287	1h
0.758793969849246	50288	1h
0.763819095477387	49923	1h
0.768844221105528	50001	1h
0.773869346733668	49451	1h
0.778894472361809	49707	1h
0.78391959798995	49838	1h
0.78894472361809	50038	1h
0.793969849246231	50064	1h
0.798994974874372	49857	1h
0.804020100502513	49764.5	1h
0.809045226130653	49761	1h
0.814070351758794	49628	1h
0.819095477386935	49881	1h
0.824120603015075	49637	1h
0.829145728643216	49279	1h
0.834170854271357	49291	1h
0.839195979899497	49207	1h
0.844221105527638	49405	1h
0.849246231155779	49606	1h
0.85427135678392	49713.5	1h
0.85929648241206	49519.5	1h
0.864321608040201	49389	1h
0.869346733668342	49219	1h
0.874371859296482	49708	1h
0.879396984924623	50030	1h
0.884422110552764	49380	1h
0.889447236180904	49381	1h
0.894472361809045	48913	1h
0.899497487437186	48077	1h
0.904522613065327	48193	1h
0.909547738693467	49369	1h
0.914572864321608	49376	1h
0.919597989949749	49180	1h
0.924623115577889	49281	1h
0.92964824120603	48301	1h
0.934673366834171	50710	1h
0.939698492462312	50656	1h
0.944723618090452	48299	1h
0.949748743718593	48209	1h
0.954773869346734	49344	1h
0.959798994974874	48464	1h
0.964824120603015	45331.5	1h
0.969849246231156	NA	1h
0.974874371859296	NA	1h
0.979899497487437	NA	1h
0.984924623115578	NA	1h
0.989949748743719	NA	1h
0.994974874371859	49198	1h
1	NA	1h
0	NA	45min
0.005025125628141	NA	45min
0.010050251256281	106704	45min
0.015075376884422	113207	45min
0.020100502512563	26972	45min
0.025125628140704	21619	45min
0.030150753768844	22586	45min
0.035175879396985	25476	45min
0.040201005025126	27386	45min
0.045226130653266	25434	45min
0.050251256281407	26908	45min
0.055276381909548	28097	45min
0.060301507537688	26995.5	45min
0.065326633165829	27968	45min
0.07035175879397	30138	45min
0.075376884422111	32911	45min
0.080402010050251	34429	45min
0.085427135678392	34972	45min
0.090452261306533	33780	45min
0.095477386934673	33488	45min
0.100502512562814	34778	45min
0.105527638190955	36360	45min
0.110552763819095	37078	45min
0.115577889447236	36821	45min
0.120603015075377	37137	45min
0.125628140703518	38905	45min
0.130653266331658	38995	45min
0.135678391959799	39923	45min
0.14070351758794	40943	45min
0.14572864321608	41537	45min
0.150753768844221	42422	45min
0.155778894472362	43477	45min
0.160804020100503	43030	45min
0.165829145728643	43207	45min
0.170854271356784	43317	45min
0.175879396984925	43599	45min
0.180904522613065	44458	45min
0.185929648241206	44254	45min
0.190954773869347	46028	45min
0.195979899497487	46483	45min
0.201005025125628	47615	45min
0.206030150753769	47623	45min
0.21105527638191	47818	45min
0.21608040201005	47985	45min
0.221105527638191	47630	45min
0.226130653266332	48945	45min
0.231155778894472	47041	45min
0.236180904522613	49817	45min
0.241206030150754	49452	45min
0.246231155778894	48633	45min
0.251256281407035	50308	45min
0.256281407035176	50241	45min
0.261306532663317	50494	45min
0.266331658291457	50792	45min
0.271356783919598	50713	45min
0.276381909547739	51145	45min
0.281407035175879	50890	45min
0.28643216080402	51379	45min
0.291457286432161	50431	45min
0.296482412060302	51373	45min
0.301507537688442	52024	45min
0.306532663316583	51487	45min
0.311557788944724	50917	45min
0.316582914572864	52279	45min
0.321608040201005	52206	45min
0.326633165829146	51834	45min
0.331658291457286	51968	45min
0.336683417085427	52322	45min
0.341708542713568	52640	45min
0.346733668341709	51798	45min
0.351758793969849	51020	45min
0.35678391959799	52747	45min
0.361809045226131	51932	45min
0.366834170854271	52450	45min
0.371859296482412	51476.5	45min
0.376884422110553	52105	45min
0.381909547738693	52492	45min
0.386934673366834	51999	45min
0.391959798994975	52169	45min
0.396984924623116	52305	45min
0.402010050251256	52227	45min
0.407035175879397	50780	45min
0.412060301507538	52122	45min
0.417085427135678	52225	45min
0.422110552763819	51816	45min
0.42713567839196	51907	45min
0.4321608040201	51495	45min
0.437185929648241	51182	45min
0.442211055276382	51425	45min
0.447236180904523	51445	45min
0.452261306532663	51798.5	45min
0.457286432160804	51802	45min
0.462311557788945	50964	45min
0.467336683417085	49914	45min
0.472361809045226	51448	45min
0.477386934673367	51634	45min
0.482412060301508	51091	45min
0.487437185929648	50916	45min
0.492462311557789	50625.5	45min
0.49748743718593	49860	45min
0.50251256281407	50749	45min
0.507537688442211	50663	45min
0.512562814070352	50701	45min
0.517587939698492	50699	45min
0.522613065326633	50470	45min
0.527638190954774	48891	45min
0.532663316582915	50138	45min
0.537688442211055	50427	45min
0.542713567839196	50138	45min
0.547738693467337	49795	45min
0.552763819095477	49585	45min
0.557788944723618	49078	45min
0.562814070351759	49520	45min
0.5678391959799	49565.5	45min
0.57286432160804	49619	45min
0.577889447236181	49463	45min
0.582914572864322	49107	45min
0.587939698492462	48329	45min
0.592964824120603	49311	45min
0.597989949748744	49104.5	45min
0.603015075376884	48984	45min
0.608040201005025	48652	45min
0.613065326633166	48940	45min
0.618090452261307	48700	45min
0.623115577889447	47939	45min
0.628140703517588	48714	45min
0.633165829145729	48385	45min
0.638190954773869	48468	45min
0.64321608040201	47405	45min
0.648241206030151	48167	45min
0.653266331658292	48311	45min
0.658291457286432	48180	45min
0.663316582914573	47653	45min
0.668341708542714	48131	45min
0.673366834170854	48007	45min
0.678391959798995	47839	45min
0.683417085427136	47188	45min
0.688442211055276	47677	45min
0.693467336683417	47672	45min
0.698492462311558	47429	45min
0.703517587939699	46795	45min
0.708542713567839	47506	45min
0.71356783919598	47304	45min
0.718592964824121	47158	45min
0.723618090452261	47258	45min
0.728643216080402	47006	45min
0.733668341708543	47247	45min
0.738693467336683	47071	45min
0.743718592964824	47072	45min
0.748743718592965	46609	45min
0.753768844221106	47056	45min
0.758793969849246	46902	45min
0.763819095477387	46116	45min
0.768844221105528	46661	45min
0.773869346733668	46175	45min
0.778894472361809	46723	45min
0.78391959798995	46826	45min
0.78894472361809	46939	45min
0.793969849246231	46795	45min
0.798994974874372	46379	45min
0.804020100502513	46230	45min
0.809045226130653	46044	45min
0.814070351758794	46189	45min
0.819095477386935	46168	45min
0.824120603015075	46246	45min
0.829145728643216	46137	45min
0.834170854271357	46218	45min
0.839195979899497	46219	45min
0.844221105527638	46158	45min
0.849246231155779	46135	45min
0.85427135678392	46193	45min
0.85929648241206	46081	45min
0.864321608040201	45983	45min
0.869346733668342	46059	45min
0.874371859296482	45975	45min
0.879396984924623	45943	45min
0.884422110552764	46028	45min
0.889447236180904	46238	45min
0.894472361809045	45239	45min
0.899497487437186	44893	45min
0.904522613065327	45720	45min
0.909547738693467	46446	45min
0.914572864321608	46294	45min
0.919597989949749	46017	45min
0.924623115577889	45528	45min
0.92964824120603	44179	45min
0.934673366834171	46528	45min
0.939698492462312	46077	45min
0.944723618090452	44053	45min
0.949748743718593	44124	45min
0.954773869346734	46469	45min
0.959798994974874	45450.5	45min
0.964824120603015	44188.5	45min
0.969849246231156	NA	45min
0.974874371859296	NA	45min
0.979899497487437	NA	45min
0.984924623115578	NA	45min
0.989949748743719	NA	45min
0.994974874371859	45871	45min
1	NA	45min
0	NA	30min
0.005025125628141	NA	30min
0.010050251256281	NA	30min
0.015075376884422	59537	30min
0.020100502512563	27307	30min
0.025125628140704	22124	30min
0.030150753768844	22848	30min
0.035175879396985	26293	30min
0.040201005025126	28240	30min
0.045226130653266	25011	30min
0.050251256281407	27084	30min
0.055276381909548	28253	30min
0.060301507537688	26410	30min
0.065326633165829	27841	30min
0.07035175879397	30445	30min
0.075376884422111	34181	30min
0.080402010050251	35425	30min
0.085427135678392	36445	30min
0.090452261306533	34231	30min
0.095477386934673	33544	30min
0.100502512562814	35097	30min
0.105527638190955	37107	30min
0.110552763819095	37914	30min
0.115577889447236	37573	30min
0.120603015075377	37350	30min
0.125628140703518	39334	30min
0.130653266331658	39312	30min
0.135678391959799	40295	30min
0.14070351758794	41545	30min
0.14572864321608	41950	30min
0.150753768844221	43076	30min
0.155778894472362	44418	30min
0.160804020100503	43321	30min
0.165829145728643	43829	30min
0.170854271356784	43346	30min
0.175879396984925	43950	30min
0.180904522613065	44469	30min
0.185929648241206	44191	30min
0.190954773869347	46256	30min
0.195979899497487	47013	30min
0.201005025125628	47901	30min
0.206030150753769	48135	30min
0.21105527638191	48049	30min
0.21608040201005	47727	30min
0.221105527638191	47957	30min
0.226130653266332	48587	30min
0.231155778894472	46686	30min
0.236180904522613	50159	30min
0.241206030150754	48904	30min
0.246231155778894	48159	30min
0.251256281407035	50270	30min
0.256281407035176	50115	30min
0.261306532663317	50092.5	30min
0.266331658291457	50238.5	30min
0.271356783919598	50299	30min
0.276381909547739	50666	30min
0.281407035175879	50318	30min
0.28643216080402	50850	30min
0.291457286432161	49414	30min
0.296482412060302	50335	30min
0.301507537688442	50958	30min
0.306532663316583	50221	30min
0.311557788944724	49632	30min
0.316582914572864	51188	30min
0.321608040201005	51102	30min
0.326633165829146	50592	30min
0.331658291457286	50544	30min
0.336683417085427	50997	30min
0.341708542713568	51128	30min
0.346733668341709	50091	30min
0.351758793969849	48987	30min
0.35678391959799	51186	30min
0.361809045226131	50148	30min
0.366834170854271	50536	30min
0.371859296482412	49048.5	30min
0.376884422110553	49748	30min
0.381909547738693	50102	30min
0.386934673366834	49722	30min
0.391959798994975	49783	30min
0.396984924623116	49980	30min
0.402010050251256	49636	30min
0.407035175879397	48007	30min
0.412060301507538	49421	30min
0.417085427135678	49453	30min
0.422110552763819	48978	30min
0.42713567839196	48962	30min
0.4321608040201	48271	30min
0.437185929648241	47820	30min
0.442211055276382	48246	30min
0.447236180904523	48231	30min
0.452261306532663	48440	30min
0.457286432160804	48223	30min
0.462311557788945	47408	30min
0.467336683417085	46024	30min
0.472361809045226	47796	30min
0.477386934673367	47953	30min
0.482412060301508	47398	30min
0.487437185929648	47029	30min
0.492462311557789	46532	30min
0.49748743718593	45625	30min
0.50251256281407	46443	30min
0.507537688442211	46483	30min
0.512562814070352	46580	30min
0.517587939698492	46459	30min
0.522613065326633	46082	30min
0.527638190954774	44289	30min
0.532663316582915	45448	30min
0.537688442211055	45654	30min
0.542713567839196	45473	30min
0.547738693467337	45116	30min
0.552763819095477	44762	30min
0.557788944723618	43949	30min
0.562814070351759	44549	30min
0.5678391959799	44659	30min
0.57286432160804	44598	30min
0.577889447236181	44440	30min
0.582914572864322	43946	30min
0.587939698492462	42915	30min
0.592964824120603	44187	30min
0.597989949748744	43900	30min
0.603015075376884	43513	30min
0.608040201005025	43188	30min
0.613065326633166	43282	30min
0.618090452261307	43048	30min
0.623115577889447	42016	30min
0.628140703517588	43188	30min
0.633165829145729	42902	30min
0.638190954773869	42762	30min
0.64321608040201	41250	30min
0.648241206030151	42486	30min
0.653266331658292	42575	30min
0.658291457286432	42298	30min
0.663316582914573	41645	30min
0.668341708542714	42123	30min
0.673366834170854	42047	30min
0.678391959798995	41822	30min
0.683417085427136	40958	30min
0.688442211055276	41210	30min
0.693467336683417	41358.5	30min
0.698492462311558	41248	30min
0.703517587939699	40283	30min
0.708542713567839	41295	30min
0.71356783919598	40916	30min
0.718592964824121	40658	30min
0.723618090452261	40920	30min
0.728643216080402	40821	30min
0.733668341708543	40798	30min
0.738693467336683	40633	30min
0.743718592964824	40524	30min
0.748743718592965	39662	30min
0.753768844221106	40012	30min
0.758793969849246	40494	30min
0.763819095477387	39352	30min
0.768844221105528	39783	30min
0.773869346733668	39397	30min
0.778894472361809	39680	30min
0.78391959798995	39887.5	30min
0.78894472361809	40153	30min
0.793969849246231	40166	30min
0.798994974874372	39736	30min
0.804020100502513	39340	30min
0.809045226130653	38832	30min
0.814070351758794	38799	30min
0.819095477386935	38863	30min
0.824120603015075	39230	30min
0.829145728643216	38930	30min
0.834170854271357	38721	30min
0.839195979899497	39683	30min
0.844221105527638	38874	30min
0.849246231155779	38673	30min
0.85427135678392	38978	30min
0.85929648241206	39041	30min
0.864321608040201	38814	30min
0.869346733668342	38965	30min
0.874371859296482	38344	30min
0.879396984924623	38000	30min
0.884422110552764	38159	30min
0.889447236180904	39006	30min
0.894472361809045	38175	30min
0.899497487437186	37795.5	30min
0.904522613065327	37924	30min
0.909547738693467	39327	30min
0.914572864321608	38566	30min
0.919597989949749	38555	30min
0.924623115577889	37858	30min
0.92964824120603	36623	30min
0.934673366834171	38819	30min
0.939698492462312	38010	30min
0.944723618090452	36387.5	30min
0.949748743718593	36482.5	30min
0.954773869346734	38613	30min
0.959798994974874	37865	30min
0.964824120603015	36243	30min
0.969849246231156	NA	30min
0.974874371859296	NA	30min
0.979899497487437	NA	30min
0.984924623115578	NA	30min
0.989949748743719	NA	30min
0.994974874371859	37693	30min
1	NA	30min
0	NA	15min
0.005025125628141	NA	15min
0.010050251256281	48595.5	15min
0.015075376884422	57486	15min
0.020100502512563	19946.5	15min
0.025125628140704	15665	15min
0.030150753768844	15191	15min
0.035175879396985	18147	15min
0.040201005025126	19596	15min
0.045226130653266	16792	15min
0.050251256281407	18199	15min
0.055276381909548	18230	15min
0.060301507537688	16378	15min
0.065326633165829	18139	15min
0.07035175879397	20847	15min
0.075376884422111	23618	15min
0.080402010050251	24447	15min
0.085427135678392	23838	15min
0.090452261306533	21652	15min
0.095477386934673	21818	15min
0.100502512562814	23528	15min
0.105527638190955	24831	15min
0.110552763819095	24868	15min
0.115577889447236	24013	15min
0.120603015075377	24377	15min
0.125628140703518	25210	15min
0.130653266331658	25590	15min
0.135678391959799	25979	15min
0.14070351758794	26674	15min
0.14572864321608	27199	15min
0.150753768844221	27549	15min
0.155778894472362	27878	15min
0.160804020100503	27455	15min
0.165829145728643	27138	15min
0.170854271356784	27123	15min
0.175879396984925	27210.5	15min
0.180904522613065	27820	15min
0.185929648241206	27782	15min
0.190954773869347	28835	15min
0.195979899497487	29291	15min
0.201005025125628	29428	15min
0.206030150753769	29560	15min
0.21105527638191	29157	15min
0.21608040201005	28802	15min
0.221105527638191	28712	15min
0.226130653266332	29273	15min
0.231155778894472	28095	15min
0.236180904522613	29845	15min
0.241206030150754	29407	15min
0.246231155778894	28988	15min
0.251256281407035	29480	15min
0.256281407035176	29401	15min
0.261306532663317	29214	15min
0.266331658291457	29665	15min
0.271356783919598	28969	15min
0.276381909547739	28897	15min
0.281407035175879	28985	15min
0.28643216080402	29003	15min
0.291457286432161	28123	15min
0.296482412060302	28579	15min
0.301507537688442	28880	15min
0.306532663316583	28543	15min
0.311557788944724	27922	15min
0.316582914572864	28533	15min
0.321608040201005	28421	15min
0.326633165829146	27776	15min
0.331658291457286	27665	15min
0.336683417085427	27752	15min
0.341708542713568	27863	15min
0.346733668341709	27109.5	15min
0.351758793969849	26346	15min
0.35678391959799	27487	15min
0.361809045226131	26671	15min
0.366834170854271	26890	15min
0.371859296482412	26285	15min
0.376884422110553	26276	15min
0.381909547738693	26355	15min
0.386934673366834	25668	15min
0.391959798994975	25729.5	15min
0.396984924623116	25906	15min
0.402010050251256	25452	15min
0.407035175879397	24407	15min
0.412060301507538	25142	15min
0.417085427135678	24936	15min
0.422110552763819	24681	15min
0.42713567839196	24637	15min
0.4321608040201	24200	15min
0.437185929648241	23904	15min
0.442211055276382	23703	15min
0.447236180904523	23772	15min
0.452261306532663	23623	15min
0.457286432160804	23646	15min
0.462311557788945	23164	15min
0.467336683417085	22046	15min
0.472361809045226	22888	15min
0.477386934673367	22983	15min
0.482412060301508	22592	15min
0.487437185929648	22288	15min
0.492462311557789	21943	15min
0.49748743718593	21644	15min
0.50251256281407	21776	15min
0.507537688442211	21640	15min
0.512562814070352	21645	15min
0.517587939698492	21447	15min
0.522613065326633	21127	15min
0.527638190954774	20121	15min
0.532663316582915	20940	15min
0.537688442211055	20881	15min
0.542713567839196	20531	15min
0.547738693467337	20370	15min
0.552763819095477	19997	15min
0.557788944723618	19834	15min
0.562814070351759	19935	15min
0.5678391959799	19896	15min
0.57286432160804	19716	15min
0.577889447236181	19524	15min
0.582914572864322	19313	15min
0.587939698492462	18645	15min
0.592964824120603	19206	15min
0.597989949748744	19154	15min
0.603015075376884	18854	15min
0.608040201005025	18475	15min
0.613065326633166	18719	15min
0.618090452261307	18581	15min
0.623115577889447	18071	15min
0.628140703517588	18323	15min
0.633165829145729	18206	15min
0.638190954773869	18162	15min
0.64321608040201	17215	15min
0.648241206030151	17793	15min
0.653266331658292	17913	15min
0.658291457286432	17663	15min
0.663316582914573	17213	15min
0.668341708542714	17570	15min
0.673366834170854	17509	15min
0.678391959798995	17286	15min
0.683417085427136	16840	15min
0.688442211055276	17043	15min
0.693467336683417	17039	15min
0.698492462311558	16847	15min
0.703517587939699	16144	15min
0.708542713567839	16846	15min
0.71356783919598	16671	15min
0.718592964824121	16285	15min
0.723618090452261	16597	15min
0.728643216080402	16497	15min
0.733668341708543	16403	15min
0.738693467336683	16267	15min
0.743718592964824	16168	15min
0.748743718592965	15923	15min
0.753768844221106	16048	15min
0.758793969849246	16035	15min
0.763819095477387	15341	15min
0.768844221105528	15721	15min
0.773869346733668	15400	15min
0.778894472361809	15763	15min
0.78391959798995	15944	15min
0.78894472361809	15892	15min
0.793969849246231	15835.5	15min
0.798994974874372	15561	15min
0.804020100502513	15187	15min
0.809045226130653	14982	15min
0.814070351758794	15105	15min
0.819095477386935	14811	15min
0.824120603015075	15324	15min
0.829145728643216	14941	15min
0.834170854271357	15215	15min
0.839195979899497	15150	15min
0.844221105527638	15093	15min
0.849246231155779	15077	15min
0.85427135678392	15194	15min
0.85929648241206	15123	15min
0.864321608040201	15054	15min
0.869346733668342	14840	15min
0.874371859296482	14289	15min
0.879396984924623	13997	15min
0.884422110552764	14419	15min
0.889447236180904	15092	15min
0.894472361809045	14589	15min
0.899497487437186	14357	15min
0.904522613065327	14622	15min
0.909547738693467	15146	15min
0.914572864321608	14921	15min
0.919597989949749	14667	15min
0.924623115577889	14290	15min
0.92964824120603	13486	15min
0.934673366834171	13779	15min
0.939698492462312	14061	15min
0.944723618090452	13698	15min
0.949748743718593	14731	15min
0.954773869346734	15253	15min
0.959798994974874	14013	15min
0.964824120603015	12939	15min
0.969849246231156	NA	15min
0.974874371859296	NA	15min
0.979899497487437	NA	15min
0.984924623115578	NA	15min
0.989949748743719	NA	15min
0.994974874371859	13811	15min
1	NA	15min
0	NA	10min
0.005025125628141	NA	10min
0.010050251256281	2643	10min
0.015075376884422	17720.5	10min
0.020100502512563	12538	10min
0.025125628140704	11382	10min
0.030150753768844	10695	10min
0.035175879396985	13074	10min
0.040201005025126	13951	10min
0.045226130653266	12163	10min
0.050251256281407	12825	10min
0.055276381909548	12815	10min
0.060301507537688	11608	10min
0.065326633165829	12499	10min
0.07035175879397	14235	10min
0.075376884422111	16455	10min
0.080402010050251	17350	10min
0.085427135678392	17544	10min
0.090452261306533	15858	10min
0.095477386934673	15276	10min
0.100502512562814	16134	10min
0.105527638190955	17147	10min
0.110552763819095	17282	10min
0.115577889447236	16691	10min
0.120603015075377	17020	10min
0.125628140703518	17494	10min
0.130653266331658	17680	10min
0.135678391959799	17840	10min
0.14070351758794	18144	10min
0.14572864321608	18551	10min
0.150753768844221	19262	10min
0.155778894472362	19145	10min
0.160804020100503	18865	10min
0.165829145728643	18827	10min
0.170854271356784	18552	10min
0.175879396984925	18174	10min
0.180904522613065	18951	10min
0.185929648241206	18582	10min
0.190954773869347	19471	10min
0.195979899497487	19602	10min
0.201005025125628	19912	10min
0.206030150753769	20025	10min
0.21105527638191	19587	10min
0.21608040201005	19683	10min
0.221105527638191	19173	10min
0.226130653266332	19636	10min
0.231155778894472	18524.5	10min
0.236180904522613	19848	10min
0.241206030150754	19518	10min
0.246231155778894	19182	10min
0.251256281407035	19552	10min
0.256281407035176	19395	10min
0.261306532663317	19452	10min
0.266331658291457	19552	10min
0.271356783919598	19221	10min
0.276381909547739	19116	10min
0.281407035175879	18996	10min
0.28643216080402	18971	10min
0.291457286432161	18134	10min
0.296482412060302	18855	10min
0.301507537688442	18878	10min
0.306532663316583	18491	10min
0.311557788944724	18119	10min
0.316582914572864	18471	10min
0.321608040201005	18405	10min
0.326633165829146	17994	10min
0.331658291457286	18072	10min
0.336683417085427	18015	10min
0.341708542713568	17921	10min
0.346733668341709	17406	10min
0.351758793969849	16889	10min
0.35678391959799	17597	10min
0.361809045226131	17176	10min
0.366834170854271	17233	10min
0.371859296482412	16774	10min
0.376884422110553	16779	10min
0.381909547738693	16893	10min
0.386934673366834	16570	10min
0.391959798994975	16462	10min
0.396984924623116	16492	10min
0.402010050251256	16226	10min
0.407035175879397	15441	10min
0.412060301507538	16031	10min
0.417085427135678	15925	10min
0.422110552763819	15730	10min
0.42713567839196	15644	10min
0.4321608040201	15399	10min
0.437185929648241	15152	10min
0.442211055276382	15194	10min
0.447236180904523	15077	10min
0.452261306532663	15104	10min
0.457286432160804	15030	10min
0.462311557788945	14647	10min
0.467336683417085	14032	10min
0.472361809045226	14622	10min
0.477386934673367	14601	10min
0.482412060301508	14386	10min
0.487437185929648	14240	10min
0.492462311557789	13995	10min
0.49748743718593	13805	10min
0.50251256281407	13860	10min
0.507537688442211	13830	10min
0.512562814070352	13800	10min
0.517587939698492	13710	10min
0.522613065326633	13571	10min
0.527638190954774	12843	10min
0.532663316582915	13344	10min
0.537688442211055	13402	10min
0.542713567839196	13226	10min
0.547738693467337	13058	10min
0.552763819095477	12948	10min
0.557788944723618	12697	10min
0.562814070351759	12836	10min
0.5678391959799	12776	10min
0.57286432160804	12746	10min
0.577889447236181	12636	10min
0.582914572864322	12442	10min
0.587939698492462	12016	10min
0.592964824120603	12461	10min
0.597989949748744	12404	10min
0.603015075376884	12245.5	10min
0.608040201005025	12118	10min
0.613065326633166	12215	10min
0.618090452261307	12061	10min
0.623115577889447	11722	10min
0.628140703517588	11964	10min
0.633165829145729	11875	10min
0.638190954773869	11841	10min
0.64321608040201	11269	10min
0.648241206030151	11688	10min
0.653266331658292	11737	10min
0.658291457286432	11664	10min
0.663316582914573	11483	10min
0.668341708542714	11539	10min
0.673366834170854	11525	10min
0.678391959798995	11391	10min
0.683417085427136	11081	10min
0.688442211055276	11245	10min
0.693467336683417	11304	10min
0.698492462311558	11235	10min
0.703517587939699	10691	10min
0.708542713567839	11175	10min
0.71356783919598	11159	10min
0.718592964824121	11010	10min
0.723618090452261	11101	10min
0.728643216080402	11017	10min
0.733668341708543	10994	10min
0.738693467336683	10891	10min
0.743718592964824	10874	10min
0.748743718592965	10594	10min
0.753768844221106	10827	10min
0.758793969849246	10738	10min
0.763819095477387	10303	10min
0.768844221105528	10724	10min
0.773869346733668	10562	10min
0.778894472361809	10772	10min
0.78391959798995	10774	10min
0.78894472361809	10811	10min
0.793969849246231	10652	10min
0.798994974874372	10537	10min
0.804020100502513	10351	10min
0.809045226130653	10225	10min
0.814070351758794	10404	10min
0.819095477386935	10033	10min
0.824120603015075	10472	10min
0.829145728643216	10357	10min
0.834170854271357	10467	10min
0.839195979899497	10404	10min
0.844221105527638	10481	10min
0.849246231155779	10390	10min
0.85427135678392	10438	10min
0.85929648241206	10331	10min
0.864321608040201	10334	10min
0.869346733668342	10281	10min
0.874371859296482	9872	10min
0.879396984924623	9684	10min
0.884422110552764	10177	10min
0.889447236180904	10455.5	10min
0.894472361809045	10164	10min
0.899497487437186	10033	10min
0.904522613065327	10340	10min
0.909547738693467	10405	10min
0.914572864321608	10346	10min
0.919597989949749	10134	10min
0.924623115577889	10093	10min
0.92964824120603	9654	10min
0.934673366834171	9761	10min
0.939698492462312	9770	10min
0.944723618090452	9761	10min
0.949748743718593	10888	10min
0.954773869346734	10334	10min
0.959798994974874	9952	10min
0.964824120603015	8358.5	10min
0.969849246231156	NA	10min
0.974874371859296	NA	10min
0.979899497487437	NA	10min
0.984924623115578	NA	10min
0.989949748743719	NA	10min
0.994974874371859	9918	10min
1	NA	10min
