chrom	start	layer	hic_mean
chr1	1000000	10	0.27753494631257
chr1	2000000	10	0.19786567352572
chr1	3000000	9	0.195188478194649
chr1	4000000	8	0.180537124028853
chr1	5000000	8	0.202616861898296
chr1	6000000	8	0.255147907040175
chr1	7000000	8	0.231919720239012
chr1	8000000	8	0.289862623561093
chr1	9000000	8	0.297948313879975
chr1	10000000	8	0.287435194193116
chr1	11000000	9	0.251505137624925
chr1	12000000	7	0.239825294491419
chr1	13000000	6	0.232568363078945
chr1	14000000	6	0.226053039224523
chr1	15000000	7	0.285915341624473
chr1	16000000	8	0.275487736608619
chr1	17000000	10	0.238468246189025
chr1	18000000	10	0.209694544553517
chr1	19000000	9	0.256967937393556
chr1	20000000	9	0.251058020313325
chr1	21000000	8	0.272727527892117
chr1	22000000	10	0.247263475375935
chr1	23000000	9	0.301914833034293
chr1	24000000	9	0.281193586013979
chr1	25000000	9	0.294567252918436
chr1	26000000	9	0.315137011816084
chr1	27000000	9	0.301623343457873
chr1	28000000	9	0.336034013407553
chr1	29000000	8	0.213321271477215
chr1	30000000	9	0.224992192229494
chr1	31000000	9	0.276579683458459
chr1	32000000	9	0.312039345995119
chr1	33000000	7	0.215352571096357
chr1	34000000	8	0.207431914818784
chr1	35000000	7	0.292538817786219
chr1	36000000	7	0.234322517146108
chr1	37000000	9	0.241868792601767
chr1	38000000	8	0.231075907616594
chr1	39000000	8	0.28023824701762
chr1	40000000	8	0.283035149197494
chr1	41000000	9	0.2264035813371
chr1	42000000	8	0.251393330300394
chr1	43000000	9	0.24537370559394
chr1	44000000	9	0.273120645633084
chr1	45000000	8	0.294360653459099
chr1	46000000	7	0.247572759673569
chr1	47000000	5	0.202068157372585
chr1	48000000	5	0.167057313294078
chr1	49000000	4	0.192009480064123
chr1	50000000	4	0.224233786928047
chr1	51000000	4	0.26599065489481
chr1	52000000	6	0.291068398582074
chr1	53000000	7	0.225480552130904
chr1	54000000	8	0.232704648099346
chr1	55000000	5	0.166326964677672
chr1	56000000	4	0.188536948022501
chr1	57000000	4	0.172108620185736
chr1	58000000	4	0.175978828824833
chr1	59000000	4	0.189863556132174
chr1	60000000	4	0.172816611595904
chr1	61000000	3	0.240028757792419
chr1	62000000	5	0.250364528677416
chr1	63000000	4	0.217083269457525
chr1	64000000	4	0.208756163271142
chr1	65000000	3	0.217521589993081
chr1	66000000	4	0.203565420068742
chr1	67000000	4	0.220218452917504
chr1	68000000	4	0.190584681023386
chr1	69000000	3	0.210996574343405
chr1	70000000	3	0.22721574559442
chr1	71000000	3	0.186677551075069
chr1	72000000	2	0.181137682822724
chr1	73000000	2	0.190253240109348
chr1	74000000	3	0.185310494536837
chr1	75000000	3	0.197649518464662
chr1	76000000	3	0.169412186780267
chr1	77000000	3	0.224768234179152
chr1	78000000	3	0.187009443071441
chr1	79000000	4	0.179736482181856
chr1	80000000	3	0.178755760801775
chr1	81000000	3	0.205024741170141
chr1	82000000	3	0.186355973434112
chr1	83000000	4	0.198135010376071
chr1	84000000	4	0.222457880521684
chr1	85000000	4	0.23810584855622
chr1	86000000	4	0.237106608698723
chr1	87000000	4	0.205597184068248
chr1	88000000	4	0.251548029228158
chr1	89000000	4	0.231690763949185
chr1	90000000	4	0.204755546704994
chr1	91000000	4	0.239130440524084
chr1	92000000	5	0.268896796661059
chr1	93000000	5	0.24372264086777
chr1	94000000	6	0.222293796990959
chr1	95000000	5	0.201100063868314
chr1	96000000	3	0.2229881386007
chr1	97000000	3	0.206049205730242
chr1	98000000	4	0.204385931840981
chr1	99000000	3	0.233372997493518
chr1	100000000	4	0.252486803902043
chr1	101000000	4	0.212100104340901
chr1	102000000	4	0.202567248815082
chr1	103000000	4	0.207182257141079
chr1	104000000	5	0.176320771377026
chr1	105000000	5	0.183293019993453
chr1	106000000	5	0.196254104243729
chr1	107000000	4	0.21164228659436
chr1	108000000	4	0.240005615056399
chr1	109000000	5	0.266642935129571
chr1	110000000	7	0.219348638949951
chr1	111000000	6	0.229412529373458
chr1	112000000	7	0.276262335745395
chr1	113000000	6	0.277683148281247
chr1	114000000	7	0.259054992242759
chr1	115000000	6	0.227981225404323
chr1	116000000	6	0.251211243337333
chr1	117000000	6	0.260146717391535
chr1	118000000	5	0.225456535978012
chr1	119000000	5	0.284903811103609
chr1	151000000	8	0.291856122181017
chr1	152000000	8	0.206916088133616
chr1	153000000	8	0.263291926498968
chr1	154000000	9	0.281409301412341
chr1	155000000	10	0.316874439422604
chr1	156000000	9	0.271030001569753
chr1	157000000	5	0.192546991119952
chr1	158000000	5	0.200520797196771
chr1	159000000	5	0.192073670556992
chr1	160000000	6	0.216037788911019
chr1	161000000	5	0.252796869188885
chr1	162000000	5	0.213806425444139
chr1	163000000	3	0.187068833775633
chr1	164000000	3	0.209498558216377
chr1	165000000	4	0.207347164376592
chr1	166000000	5	0.190651180531587
chr1	167000000	4	0.23986701176427
chr1	168000000	4	0.212444080297769
chr1	169000000	3	0.217671511813182
chr1	170000000	3	0.224606077699299
chr1	171000000	4	0.226401995388406
chr1	172000000	3	0.188131587343155
chr1	173000000	4	0.217406465478128
chr1	174000000	3	0.247898755878363
chr1	175000000	4	0.170130165449861
chr1	176000000	4	0.192161171035647
chr1	177000000	4	0.180367086934996
chr1	178000000	4	0.224013712409243
chr1	179000000	4	0.257075263375543
chr1	180000000	4	0.219347043725482
chr1	181000000	5	0.20256694585307
chr1	182000000	4	0.222319251621997
chr1	183000000	4	0.231069578130128
chr1	184000000	3	0.217158533458538
chr1	185000000	2	0.217672168602918
chr1	186000000	2	0.202718375942299
chr1	187000000	2	0.168073154798122
chr1	188000000	2	0.17949870883556
chr1	189000000	2	0.18948469266609
chr1	190000000	2	0.185037817861553
chr1	191000000	2	0.185453862434518
chr1	192000000	2	0.183887656441819
chr1	193000000	2	0.180435816037056
chr1	194000000	2	0.182560511930838
chr1	195000000	2	0.189286251054183
chr1	196000000	2	0.199177796517902
chr1	197000000	1	0.20062135467093
chr1	198000000	2	0.216042655826011
chr1	199000000	2	0.246911944973331
chr1	200000000	4	0.277109251653769
chr1	201000000	7	0.23399771371298
chr1	202000000	7	0.266682058884096
chr1	203000000	8	0.249286549938173
chr1	204000000	7	0.250837033222598
chr1	205000000	6	0.260888449272922
chr1	206000000	5	0.21373322998525
chr1	207000000	4	0.214298232131635
chr1	208000000	4	0.190477435575566
chr1	209000000	3	0.211239732990315
chr1	210000000	3	0.204517241202281
chr1	211000000	4	0.252706474563353
chr1	212000000	4	0.257868056712073
chr1	213000000	3	0.20630522163614
chr1	214000000	2	0.223707944778878
chr1	215000000	2	0.214635578175685
chr1	216000000	1	0.200128910672859
chr1	217000000	2	0.237391114282656
chr1	218000000	1	0.214718045975001
chr1	219000000	2	0.231840254757755
chr1	220000000	2	0.236794388515702
chr1	221000000	2	0.190727707436251
chr1	222000000	2	0.234294808017808
chr1	223000000	3	0.228391996744632
chr1	224000000	4	0.274869832239926
chr1	225000000	4	0.277459315072164
chr1	226000000	6	0.268965827973795
chr1	227000000	6	0.236239162601476
chr1	228000000	7	0.221474025934909
chr1	229000000	5	0.242261679662649
chr1	230000000	5	0.236863541668484
chr1	231000000	4	0.251365856137935
chr1	232000000	3	0.231552559160179
chr1	233000000	3	0.253138278898354
chr1	234000000	4	0.248798067037126
chr1	235000000	4	0.320596738293614
chr1	236000000	4	0.292763330411541
chr1	237000000	2	0.224754159193574
chr1	238000000	1	0.229747024746456
chr1	239000000	1	0.252961142506773
chr1	240000000	1	0.267484509098678
chr1	241000000	2	0.278349228033831
chr1	242000000	2	0.267934102696831
chr1	243000000	2	0.264249798715591
chr1	244000000	3	0.312146708772109
chr1	245000000	3	0.267687165885457
chr1	246000000	3	0.369339366927955
chr2	1000000	4	0.16863267188249
chr2	2000000	4	0.13807248903892
chr2	3000000	3	0.176326107758059
chr2	4000000	3	0.144747918496497
chr2	5000000	3	0.156433596808967
chr2	6000000	3	0.171159217814423
chr2	7000000	3	0.164593681269392
chr2	8000000	3	0.193910630926446
chr2	9000000	4	0.241190995762995
chr2	10000000	6	0.23867387360561
chr2	11000000	4	0.211473793792333
chr2	12000000	2	0.178743376845007
chr2	13000000	2	0.17417152654522
chr2	14000000	1	0.191441210774995
chr2	15000000	2	0.203745207056874
chr2	16000000	2	0.18763641804015
chr2	17000000	2	0.187164599147613
chr2	18000000	2	0.183297289666321
chr2	19000000	2	0.202474233695249
chr2	20000000	3	0.204918605421879
chr2	21000000	3	0.181419549606749
chr2	22000000	3	0.203632826979955
chr2	23000000	3	0.230058621371033
chr2	24000000	4	0.267125904510231
chr2	25000000	6	0.29553931859868
chr2	26000000	7	0.282726442939467
chr2	27000000	8	0.285209173190501
chr2	28000000	6	0.252433546122835
chr2	29000000	4	0.197421704755352
chr2	30000000	4	0.230703371018875
chr2	31000000	4	0.213654483385011
chr2	32000000	3	0.342794007058752
chr2	33000000	3	0.218283622220305
chr2	34000000	3	0.193197605118824
chr2	35000000	4	0.190543199114071
chr2	36000000	2	0.227698714545712
chr2	37000000	4	0.220865308160584
chr2	38000000	5	0.260072675158477
chr2	39000000	4	0.240421384519326
chr2	40000000	2	0.205870274004351
chr2	41000000	3	0.221242057858495
chr2	42000000	5	0.272533622202057
chr2	43000000	7	0.26446168981935
chr2	44000000	6	0.260456784260721
chr2	45000000	7	0.236969297112414
chr2	46000000	7	0.23779163087552
chr2	47000000	7	0.286131146288528
chr2	48000000	4	0.242246613394381
chr2	49000000	4	0.211669078599499
chr2	50000000	2	0.219139008121889
chr2	51000000	2	0.202713663655139
chr2	52000000	3	0.211254323008887
chr2	53000000	4	0.253245316566124
chr2	54000000	4	0.23265956201885
chr2	55000000	4	0.276064797194743
chr2	56000000	3	0.196156289080226
chr2	57000000	2	0.192351139189701
chr2	58000000	2	0.205168166433393
chr2	59000000	3	0.196959669165617
chr2	60000000	4	0.254406642314642
chr2	61000000	6	0.30226850661344
chr2	62000000	6	0.254745041770532
chr2	63000000	5	0.262970071573966
chr2	64000000	5	0.2474881871121
chr2	65000000	5	0.257238713849734
chr2	66000000	3	0.20431108793438
chr2	67000000	4	0.233341064409338
chr2	68000000	4	0.252045417495285
chr2	69000000	5	0.287702731776267
chr2	70000000	7	0.302952425528205
chr2	71000000	7	0.22510786255941
chr2	72000000	7	0.261208867333221
chr2	73000000	7	0.284575560031667
chr2	74000000	7	0.282599733995512
chr2	75000000	4	0.211554247862553
chr2	76000000	3	0.210193222951411
chr2	77000000	3	0.208068202108426
chr2	78000000	3	0.215979346800588
chr2	79000000	4	0.20687250496387
chr2	80000000	4	0.194429980987655
chr2	81000000	3	0.206915026780395
chr2	82000000	3	0.225340057388112
chr2	83000000	3	0.242282281386211
chr2	84000000	4	0.291595062206025
chr2	85000000	5	0.356694333956826
chr2	100000000	6	0.23726097554656
chr2	101000000	6	0.248364424622084
chr2	102000000	5	0.171673360269556
chr2	103000000	5	0.163525588806618
chr2	104000000	5	0.195928911082901
chr2	105000000	4	0.206281728995468
chr2	106000000	5	0.190847654271592
chr2	107000000	6	0.1847334028227
chr2	108000000	5	0.23184272138059
chr2	109000000	6	0.222907729496692
chr2	110000000	7	0.184743965221052
chr2	111000000	7	0.246800579247759
chr2	112000000	7	0.268846160513042
chr2	113000000	7	0.232987760128431
chr2	114000000	4	0.193357645424029
chr2	115000000	3	0.21793483772326
chr2	116000000	4	0.204416148958174
chr2	117000000	4	0.196988169109287
chr2	118000000	4	0.183016913494842
chr2	119000000	5	0.217509753493194
chr2	120000000	6	0.210750072706643
chr2	121000000	8	0.233733812205329
chr2	122000000	5	0.170620726138582
chr2	123000000	4	0.164361397831939
chr2	124000000	5	0.156460229776422
chr2	125000000	4	0.188701333683685
chr2	126000000	5	0.188996185963977
chr2	127000000	5	0.25687829484155
chr2	128000000	6	0.217266347175675
chr2	129000000	6	0.199451703055568
chr2	130000000	6	0.21756599599677
chr2	131000000	5	0.222036588168442
chr2	132000000	5	0.177777758250118
chr2	133000000	5	0.198607210974664
chr2	134000000	4	0.213535932990959
chr2	135000000	4	0.25606303738717
chr2	136000000	4	0.192455280592457
chr2	137000000	4	0.18776566434682
chr2	138000000	2	0.199039471697326
chr2	139000000	2	0.179960579674029
chr2	140000000	2	0.200459726958355
chr2	141000000	2	0.213825491584271
chr2	142000000	3	0.209480032455029
chr2	143000000	2	0.173215604467836
chr2	144000000	2	0.201214719733523
chr2	145000000	2	0.191405396509405
chr2	146000000	2	0.211928955939851
chr2	147000000	2	0.209223479322997
chr2	148000000	3	0.2177554880807
chr2	149000000	4	0.196929719759469
chr2	150000000	3	0.214136089242221
chr2	151000000	4	0.253614420126344
chr2	152000000	4	0.229842067310401
chr2	153000000	3	0.191067994206047
chr2	154000000	3	0.2019221918843
chr2	155000000	2	0.194246174304934
chr2	156000000	2	0.22632939088487
chr2	157000000	2	0.214847590924778
chr2	158000000	3	0.201614525278427
chr2	159000000	4	0.241649664276603
chr2	160000000	3	0.192572750832692
chr2	161000000	2	0.205696275921176
chr2	162000000	2	0.191613903008226
chr2	163000000	2	0.195932225131243
chr2	164000000	1	0.220445110395542
chr2	165000000	1	0.204467315901792
chr2	166000000	2	0.203623538906927
chr2	167000000	2	0.215389149691371
chr2	168000000	2	0.231737291273895
chr2	169000000	2	0.253012978101034
chr2	170000000	4	0.247916540318133
chr2	171000000	5	0.288861345511883
chr2	172000000	5	0.258432942779781
chr2	173000000	6	0.248031518568871
chr2	174000000	5	0.272040556513913
chr2	175000000	5	0.227204177195719
chr2	176000000	5	0.219287884089406
chr2	177000000	5	0.260638632953167
chr2	178000000	5	0.234710641987262
chr2	179000000	4	0.233407348989665
chr2	180000000	4	0.217554772106323
chr2	181000000	3	0.205897093324516
chr2	182000000	3	0.224319258540273
chr2	183000000	2	0.19648727822826
chr2	184000000	1	0.195810947257536
chr2	185000000	2	0.188740761209207
chr2	186000000	1	0.208309676574849
chr2	187000000	1	0.188666491670171
chr2	188000000	1	0.201974311313794
chr2	189000000	1	0.230329424755987
chr2	190000000	1	0.224053337694419
chr2	191000000	2	0.187588496086544
chr2	192000000	2	0.180624470307913
chr2	193000000	1	0.190975815004465
chr2	194000000	1	0.192382510195647
chr2	195000000	1	0.22362547641773
chr2	196000000	1	0.22156726622695
chr2	197000000	1	0.239876739360288
chr2	198000000	1	0.191334755732891
chr2	199000000	2	0.22437256645099
chr2	200000000	2	0.23986796198169
chr2	201000000	3	0.269352642266342
chr2	202000000	5	0.321150776263939
chr2	203000000	5	0.293899592097145
chr2	204000000	3	0.194616227515579
chr2	205000000	3	0.232559313210949
chr2	206000000	3	0.253410511316383
chr2	207000000	3	0.267289042215699
chr2	208000000	3	0.225874354208166
chr2	209000000	2	0.204380853593544
chr2	210000000	1	0.204576837523174
chr2	211000000	1	0.207186466172712
chr2	212000000	1	0.201704376665612
chr2	213000000	1	0.191304122299065
chr2	214000000	1	0.213055994791914
chr2	215000000	1	0.257868098746231
chr2	216000000	1	0.224725085850729
chr2	217000000	3	0.225789240984876
chr2	218000000	4	0.300470036700252
chr2	219000000	6	0.240724251584876
chr2	220000000	4	0.201717600185928
chr2	221000000	2	0.258696692225777
chr2	222000000	1	0.242774624333864
chr2	223000000	2	0.248455790868696
chr2	224000000	2	0.244869467470879
chr2	225000000	1	0.203090440274527
chr2	226000000	2	0.223960899919217
chr2	227000000	1	0.258311963810725
chr2	228000000	2	0.229803509982393
chr2	229000000	1	0.273644928735424
chr2	230000000	1	0.300736517975845
chr2	231000000	3	0.327598861369548
chr2	232000000	5	0.307828259134567
chr2	233000000	6	0.27848511522339
chr2	234000000	5	0.257724830802775
chr2	235000000	5	0.281609405962931
chr2	236000000	5	0.282207805590065
chr2	237000000	5	0.300138239217255
chr2	238000000	5	0.303009086524621
chr2	239000000	7	0.272027140889299
chr2	240000000	7	0.274191850672011
chr2	241000000	8	0.390270227863499
chr3	1000000	1	0.193764659169757
chr3	2000000	1	0.206813153918371
chr3	3000000	2	0.195307657407426
chr3	4000000	2	0.20020548224531
chr3	5000000	2	0.198011328081386
chr3	6000000	2	0.18707020165423
chr3	7000000	3	0.199730547229999
chr3	8000000	2	0.206045235940753
chr3	9000000	5	0.262976134826968
chr3	10000000	6	0.233381775116561
chr3	11000000	6	0.252852529576175
chr3	12000000	5	0.276993011866426
chr3	13000000	7	0.232541230417288
chr3	14000000	7	0.228822455883726
chr3	15000000	5	0.247160663511995
chr3	16000000	3	0.217587306137954
chr3	17000000	2	0.217218162555748
chr3	18000000	1	0.215493542529409
chr3	19000000	1	0.201978263142278
chr3	20000000	1	0.209098013766989
chr3	21000000	2	0.213797674947454
chr3	22000000	2	0.187917548852118
chr3	23000000	2	0.231674999235845
chr3	24000000	2	0.199155694659727
chr3	25000000	1	0.199632959174231
chr3	26000000	2	0.189571659332021
chr3	27000000	2	0.232804640925975
chr3	28000000	2	0.201076192053419
chr3	29000000	1	0.220502392914357
chr3	30000000	2	0.207629344107084
chr3	31000000	3	0.238877816690266
chr3	32000000	4	0.281842433310989
chr3	33000000	3	0.256560392073564
chr3	34000000	2	0.184803362727765
chr3	35000000	2	0.20150372224535
chr3	36000000	3	0.218957013305279
chr3	37000000	4	0.246937646196814
chr3	38000000	5	0.229497196073694
chr3	39000000	4	0.232803332704679
chr3	40000000	4	0.210995056940531
chr3	41000000	4	0.242501385987816
chr3	42000000	5	0.250056439659276
chr3	43000000	5	0.231006931474381
chr3	44000000	6	0.26599665469718
chr3	45000000	7	0.25739799170868
chr3	46000000	8	0.251546807555395
chr3	47000000	8	0.335554673839843
chr3	48000000	9	0.344683824698437
chr3	49000000	10	0.342769028939983
chr3	50000000	9	0.280343163377802
chr3	51000000	9	0.303738472946674
chr3	52000000	10	0.287533918866116
chr3	53000000	8	0.266362989088794
chr3	54000000	7	0.214529642702118
chr3	55000000	6	0.236600016223943
chr3	56000000	7	0.279899342729668
chr3	57000000	7	0.307186354044401
chr3	58000000	7	0.251868129867215
chr3	59000000	5	0.199526482696129
chr3	60000000	5	0.232421416543296
chr3	61000000	4	0.248015132276105
chr3	62000000	4	0.227279701396263
chr3	63000000	5	0.231449211781118
chr3	64000000	4	0.227902001247927
chr3	65000000	4	0.234118266799926
chr3	66000000	4	0.239623042285106
chr3	67000000	4	0.207042021236131
chr3	68000000	4	0.231546692255232
chr3	69000000	4	0.252918868892119
chr3	70000000	5	0.215292934689799
chr3	71000000	5	0.251854455446518
chr3	72000000	6	0.254782852093085
chr3	73000000	4	0.233315476431235
chr3	74000000	3	0.226142466197242
chr3	75000000	5	0.253349261490482
chr3	76000000	3	0.221636263911118
chr3	77000000	3	0.224502663458888
chr3	78000000	3	0.232842348109708
chr3	79000000	2	0.225093631085751
chr3	80000000	3	0.227715658130522
chr3	81000000	2	0.20426264471718
chr3	82000000	3	0.209474694978491
chr3	83000000	4	0.205321322874332
chr3	84000000	3	0.212127350173301
chr3	85000000	2	0.250996630031301
chr3	86000000	2	0.255930224804066
chr3	87000000	3	0.287000578143226
chr3	96000000	4	0.204538672752118
chr3	97000000	2	0.227683556705415
chr3	98000000	3	0.216158159310132
chr3	99000000	3	0.202390906334974
chr3	100000000	3	0.229387400287107
chr3	101000000	3	0.235668667082652
chr3	102000000	3	0.177608421159059
chr3	103000000	3	0.175544994881693
chr3	104000000	3	0.180267332698666
chr3	105000000	3	0.19459739766602
chr3	106000000	3	0.216426128778801
chr3	107000000	4	0.207767908018999
chr3	108000000	3	0.22465230504452
chr3	109000000	3	0.225295367906302
chr3	110000000	3	0.204123224955049
chr3	111000000	3	0.228019300239436
chr3	112000000	4	0.22517838124927
chr3	113000000	4	0.249742479049519
chr3	114000000	3	0.229540179997523
chr3	115000000	3	0.215825379050455
chr3	116000000	2	0.198096577165181
chr3	117000000	3	0.216969870738633
chr3	118000000	3	0.210391104532943
chr3	119000000	4	0.239774881024237
chr3	120000000	3	0.247816242396678
chr3	121000000	4	0.24980127481219
chr3	122000000	5	0.257072120994923
chr3	123000000	6	0.247759312787962
chr3	124000000	7	0.239105281038674
chr3	125000000	7	0.289675689899388
chr3	126000000	8	0.237306758167685
chr3	127000000	9	0.254097700050284
chr3	128000000	8	0.291241798125065
chr3	129000000	6	0.289530103337789
chr3	130000000	4	0.240666526579774
chr3	131000000	3	0.218687112897776
chr3	132000000	3	0.235582600290905
chr3	133000000	5	0.236186308274502
chr3	134000000	5	0.213873623499037
chr3	135000000	5	0.208390310278221
chr3	136000000	4	0.294047026818202
chr3	137000000	4	0.212770838437838
chr3	138000000	6	0.276915414971284
chr3	139000000	5	0.213101274038604
chr3	140000000	6	0.219873063175507
chr3	141000000	5	0.264633018404017
chr3	142000000	4	0.285722942402472
chr3	143000000	3	0.200769301795285
chr3	144000000	2	0.201400985676363
chr3	145000000	2	0.213826138784799
chr3	146000000	2	0.200776106316141
chr3	147000000	2	0.197458366322563
chr3	148000000	2	0.209536260846624
chr3	149000000	3	0.246626210557826
chr3	150000000	3	0.238670773292206
chr3	151000000	3	0.227142607751714
chr3	152000000	2	0.221012366898899
chr3	153000000	2	0.244248382235809
chr3	154000000	3	0.221072086426518
chr3	155000000	3	0.275840267274351
chr3	156000000	2	0.215608742834146
chr3	157000000	2	0.218092104186852
chr3	158000000	2	0.220173045207019
chr3	159000000	2	0.215024829577038
chr3	160000000	2	0.237109890282237
chr3	161000000	1	0.182825029182539
chr3	162000000	1	0.17684490738484
chr3	163000000	2	0.178277180720093
chr3	164000000	2	0.19228609226472
chr3	165000000	2	0.195941491707456
chr3	166000000	1	0.203194728492921
chr3	167000000	2	0.224306745203394
chr3	168000000	2	0.232989687396996
chr3	169000000	3	0.261287502392047
chr3	170000000	4	0.282915579292233
chr3	171000000	3	0.239681842135487
chr3	172000000	3	0.275555075750591
chr3	173000000	2	0.231984140084202
chr3	174000000	1	0.225164022509702
chr3	175000000	2	0.220697102387507
chr3	176000000	1	0.218177836985526
chr3	177000000	2	0.253431156279183
chr3	178000000	1	0.230904766189598
chr3	179000000	2	0.306388473011187
chr3	180000000	2	0.254342841799588
chr3	181000000	2	0.285902271749708
chr3	182000000	3	0.29562474713588
chr3	183000000	6	0.316263568243475
chr3	184000000	7	0.317283076642807
chr3	185000000	5	0.34660581905279
chr3	186000000	3	0.29203381034723
chr3	187000000	2	0.240916058080087
chr3	188000000	1	0.26256072085949
chr3	189000000	1	0.250651704100416
chr3	190000000	1	0.257365336869414
chr3	191000000	1	0.260713850602669
chr3	192000000	1	0.276025771531802
chr3	193000000	4	0.296870188766789
chr3	194000000	5	0.317573407655866
chr3	195000000	6	0.385483556434531
chr4	1000000	9	0.3019351843428
chr4	2000000	8	0.352660323451336
chr4	3000000	9	0.278167388640284
chr4	4000000	6	0.287409409990553
chr4	5000000	6	0.255696680697273
chr4	6000000	7	0.29275165811859
chr4	7000000	8	0.267964220978795
chr4	8000000	8	0.254864988467969
chr4	9000000	5	0.218352146048194
chr4	10000000	5	0.188804848156531
chr4	11000000	5	0.194866136151347
chr4	12000000	4	0.210742359874975
chr4	13000000	3	0.235334830194904
chr4	14000000	3	0.210150116944786
chr4	15000000	3	0.245245567797131
chr4	16000000	3	0.255885597344627
chr4	17000000	3	0.285508746187685
chr4	18000000	2	0.222723911732999
chr4	19000000	2	0.231907797839002
chr4	20000000	2	0.270263518809868
chr4	21000000	3	0.234833595451562
chr4	22000000	3	0.247849257636962
chr4	23000000	3	0.226488682427798
chr4	24000000	3	0.257890089362366
chr4	25000000	5	0.302687346468389
chr4	26000000	3	0.274763739253192
chr4	27000000	3	0.202455589355995
chr4	28000000	2	0.220798724076222
chr4	29000000	3	0.232586211179547
chr4	30000000	3	0.234581619052877
chr4	31000000	3	0.232203673589375
chr4	32000000	3	0.208639541698679
chr4	33000000	2	0.213297159811703
chr4	34000000	2	0.237402759134489
chr4	35000000	3	0.252017779176672
chr4	36000000	3	0.25513440438542
chr4	37000000	3	0.28827286153563
chr4	38000000	4	0.287501294400817
chr4	39000000	5	0.375664954774756
chr4	40000000	6	0.360560336631084
chr4	41000000	4	0.313187915353818
chr4	42000000	3	0.297572589705499
chr4	43000000	3	0.244631184752845
chr4	44000000	3	0.264760967567967
chr4	45000000	4	0.247378922264826
chr4	46000000	3	0.311297399315943
chr4	47000000	2	0.331977462289759
chr4	54000000	4	0.250157905329457
chr4	55000000	4	0.271451673802158
chr4	56000000	4	0.318798380409175
chr4	57000000	4	0.1901140742973
chr4	58000000	3	0.193970847981985
chr4	59000000	2	0.203291320062138
chr4	60000000	3	0.211134768997296
chr4	61000000	2	0.240559397370946
chr4	62000000	2	0.227693442661001
chr4	63000000	2	0.203171879924802
chr4	64000000	3	0.21028287591282
chr4	65000000	2	0.207686446660171
chr4	66000000	2	0.225490086469952
chr4	67000000	2	0.244053692993331
chr4	68000000	2	0.212100796084006
chr4	69000000	2	0.210870107506334
chr4	70000000	2	0.269132563639322
chr4	71000000	2	0.222299519848242
chr4	72000000	2	0.216630295258394
chr4	73000000	2	0.238728236674348
chr4	74000000	2	0.222515219456735
chr4	75000000	3	0.293334033335913
chr4	76000000	3	0.271217372303814
chr4	77000000	4	0.253693251137757
chr4	78000000	3	0.230720795704409
chr4	79000000	3	0.211562249396534
chr4	80000000	2	0.229403025521363
chr4	81000000	2	0.238201511272075
chr4	82000000	3	0.313566622400952
chr4	83000000	4	0.292644585549543
chr4	84000000	4	0.270018388801625
chr4	85000000	4	0.24977588353894
chr4	86000000	3	0.269384263972308
chr4	87000000	3	0.289084590551807
chr4	88000000	4	0.290686814678111
chr4	89000000	4	0.245423069169325
chr4	90000000	3	0.217029134186262
chr4	91000000	2	0.210083550134128
chr4	92000000	3	0.221421771057518
chr4	93000000	2	0.234694068137483
chr4	94000000	1	0.273901466578972
chr4	95000000	2	0.20811172173522
chr4	96000000	2	0.20889620983056
chr4	97000000	2	0.237111703232726
chr4	98000000	3	0.258693490337491
chr4	99000000	3	0.24669582443841
chr4	100000000	3	0.206864427499627
chr4	101000000	2	0.243276473915759
chr4	102000000	2	0.255563129644441
chr4	103000000	2	0.226238551818527
chr4	104000000	2	0.196172237388068
chr4	105000000	2	0.234280296674107
chr4	106000000	2	0.229218544106985
chr4	107000000	2	0.226239549300154
chr4	108000000	3	0.254720484784904
chr4	109000000	3	0.276755665536105
chr4	110000000	3	0.246166988370928
chr4	111000000	3	0.228473071636536
chr4	112000000	3	0.286693203399942
chr4	113000000	2	0.222546547272024
chr4	114000000	1	0.216786535546491
chr4	115000000	2	0.197526176412388
chr4	116000000	2	0.197310117205281
chr4	117000000	2	0.219332066440278
chr4	118000000	1	0.266681948194068
chr4	119000000	2	0.247029408834874
chr4	120000000	1	0.221948409002009
chr4	121000000	2	0.249767025510534
chr4	122000000	2	0.255160988545515
chr4	123000000	3	0.246440535494945
chr4	124000000	3	0.232204531374435
chr4	125000000	3	0.234977717111703
chr4	126000000	3	0.228823665381888
chr4	127000000	3	0.281906321744235
chr4	128000000	3	0.294023269718971
chr4	129000000	3	0.187467507074133
chr4	130000000	1	0.198412745320212
chr4	131000000	2	0.190973185636113
chr4	132000000	2	0.215199913338587
chr4	133000000	1	0.194697560868029
chr4	134000000	2	0.211695424746357
chr4	135000000	1	0.20440817164671
chr4	136000000	2	0.224650635370838
chr4	137000000	1	0.247444724537109
chr4	138000000	2	0.269656039018982
chr4	139000000	2	0.320718495783028
chr4	140000000	4	0.255741980073712
chr4	141000000	2	0.209485463109844
chr4	142000000	2	0.207970633854268
chr4	143000000	2	0.236556777081052
chr4	144000000	1	0.212011432614812
chr4	145000000	1	0.248836075166145
chr4	146000000	2	0.223532988537582
chr4	147000000	1	0.25187982181272
chr4	148000000	1	0.221645896106722
chr4	149000000	2	0.238392390569161
chr4	150000000	2	0.28387116982768
chr4	151000000	2	0.291143570846499
chr4	152000000	4	0.284569426782918
chr4	153000000	4	0.292827379891815
chr4	154000000	3	0.248626345494561
chr4	155000000	2	0.247333396853716
chr4	156000000	1	0.242942290345162
chr4	157000000	2	0.25938100055728
chr4	158000000	2	0.264831592109635
chr4	159000000	2	0.258834408406943
chr4	160000000	1	0.215013529831215
chr4	161000000	2	0.231893127994539
chr4	162000000	1	0.232252098084543
chr4	163000000	1	0.246270381014342
chr4	164000000	1	0.283719241397483
chr4	165000000	2	0.274985144249738
chr4	166000000	1	0.233100136432426
chr4	167000000	1	0.233667237100781
chr4	168000000	1	0.265549620087078
chr4	169000000	1	0.299830773669274
chr4	170000000	2	0.220811811142643
chr4	171000000	1	0.245357777651439
chr4	172000000	1	0.25888357900614
chr4	173000000	1	0.261169922446794
chr4	174000000	1	0.252370277797492
chr4	175000000	1	0.265362211391724
chr4	176000000	1	0.268112497295022
chr4	177000000	1	0.262440270515688
chr4	178000000	1	0.255633632414019
chr4	179000000	1	0.274154950118705
chr4	180000000	1	0.29307803426894
chr4	181000000	1	0.282254990433131
chr4	182000000	3	0.343815674348949
chr4	183000000	3	0.371074769913696
chr4	184000000	5	0.352655518193434
chr4	185000000	5	0.368438344115229
chr4	186000000	3	0.314918584662797
chr4	187000000	2	0.301079690114281
chr4	188000000	2	0.409423623861713
chr5	1000000	7	0.215503424038846
chr5	2000000	5	0.170693217457375
chr5	3000000	4	0.210937020264976
chr5	4000000	5	0.177901504908079
chr5	5000000	4	0.181998776751291
chr5	6000000	5	0.200166626878619
chr5	7000000	5	0.187838802754561
chr5	8000000	4	0.177350913488624
chr5	9000000	5	0.208931487590985
chr5	10000000	4	0.246984590132712
chr5	11000000	4	0.190962657951707
chr5	12000000	5	0.194317631653073
chr5	13000000	4	0.21274015205196
chr5	14000000	4	0.256407552068493
chr5	15000000	3	0.239969314627535
chr5	16000000	3	0.261691123041984
chr5	17000000	3	0.273096607360766
chr5	18000000	3	0.205157423699184
chr5	19000000	5	0.206268331589468
chr5	20000000	4	0.223303280029582
chr5	21000000	4	0.234300774789557
chr5	22000000	3	0.229412159962757
chr5	23000000	3	0.242137879746332
chr5	24000000	2	0.224842514118731
chr5	25000000	3	0.222745085909272
chr5	26000000	3	0.225834022835554
chr5	27000000	2	0.239950915774982
chr5	28000000	3	0.238124585765031
chr5	29000000	3	0.24469877767327
chr5	30000000	3	0.257826065574265
chr5	31000000	4	0.315648221038389
chr5	32000000	4	0.314519707040689
chr5	33000000	4	0.259608989448999
chr5	34000000	5	0.299313434443253
chr5	35000000	4	0.265172632525171
chr5	36000000	4	0.286208416861299
chr5	37000000	4	0.309630873977955
chr5	38000000	4	0.255646572376747
chr5	39000000	3	0.245095131157527
chr5	40000000	3	0.279536636799538
chr5	41000000	3	0.255231410649122
chr5	42000000	3	0.257430078854337
chr5	43000000	3	0.319579978072778
chr5	44000000	3	0.249823759298827
chr5	45000000	5	0.264174360383073
chr5	52000000	3	0.227230231803398
chr5	53000000	3	0.230158433829283
chr5	54000000	4	0.23758894509372
chr5	55000000	4	0.278757008966929
chr5	56000000	4	0.247270012682727
chr5	57000000	3	0.244049627564125
chr5	58000000	3	0.21984602457033
chr5	59000000	3	0.206650006062034
chr5	60000000	3	0.230068120283176
chr5	61000000	3	0.23568300756317
chr5	62000000	3	0.263667865317883
chr5	63000000	3	0.219458557575207
chr5	64000000	3	0.223825761245619
chr5	65000000	3	0.291556158654915
chr5	66000000	3	0.249821782365408
chr5	67000000	4	0.280154112270733
chr5	75000000	5	0.273270489679372
chr5	76000000	5	0.284350198956923
chr5	77000000	5	0.259473233588385
chr5	78000000	6	0.279588426520836
chr5	79000000	6	0.291697164167366
chr5	80000000	4	0.297364314412341
chr5	81000000	3	0.256052366497457
chr5	82000000	2	0.212052392338117
chr5	83000000	3	0.214918865630798
chr5	84000000	3	0.19418252936425
chr5	85000000	3	0.203940608117949
chr5	86000000	3	0.218650770630912
chr5	87000000	3	0.211355438712082
chr5	88000000	3	0.23037747963845
chr5	89000000	3	0.216111490009738
chr5	90000000	3	0.250227525948004
chr5	91000000	3	0.237926688292409
chr5	92000000	2	0.211905645585813
chr5	93000000	3	0.227367006029308
chr5	94000000	3	0.251216025868362
chr5	95000000	3	0.239292936197468
chr5	96000000	2	0.236618102270691
chr5	97000000	2	0.215360458260511
chr5	98000000	2	0.232403401961433
chr5	99000000	2	0.202304038876692
chr5	100000000	2	0.208535510424854
chr5	101000000	2	0.205504038818831
chr5	102000000	2	0.208632717772039
chr5	103000000	2	0.220432409904232
chr5	104000000	2	0.217375354919053
chr5	105000000	2	0.21175953110053
chr5	106000000	3	0.219270015062517
chr5	107000000	2	0.249982723185298
chr5	108000000	2	0.234769327622703
chr5	109000000	2	0.21908021553748
chr5	110000000	2	0.212954021109593
chr5	111000000	2	0.208765287492319
chr5	112000000	2	0.246459477074963
chr5	113000000	2	0.217243613484603
chr5	114000000	2	0.213089649922254
chr5	115000000	3	0.22901506616577
chr5	116000000	3	0.216644149850676
chr5	117000000	3	0.213270883759684
chr5	118000000	2	0.251140089081026
chr5	119000000	2	0.235994060456507
chr5	120000000	3	0.221789593644794
chr5	121000000	3	0.231079563679495
chr5	122000000	3	0.239102612600693
chr5	123000000	4	0.232204270193675
chr5	124000000	3	0.233870111991049
chr5	125000000	4	0.252542133535378
chr5	126000000	3	0.288198888870542
chr5	127000000	2	0.238448019972425
chr5	128000000	2	0.231206249401104
chr5	129000000	2	0.217453362076907
chr5	130000000	2	0.226827311599859
chr5	131000000	4	0.284925098866347
chr5	132000000	6	0.283216177264944
chr5	133000000	7	0.271003450993357
chr5	134000000	6	0.346134408565811
chr5	135000000	5	0.24059377295893
chr5	136000000	5	0.237576027423878
chr5	137000000	5	0.273973292978332
chr5	138000000	6	0.342574313701895
chr5	139000000	6	0.34981364260728
chr5	140000000	4	0.316300554879095
chr5	141000000	5	0.259669724814253
chr5	142000000	3	0.272876292703233
chr5	143000000	2	0.214300018234319
chr5	144000000	2	0.217751593756096
chr5	145000000	2	0.238576917706232
chr5	146000000	2	0.266166594297155
chr5	147000000	2	0.232602476861462
chr5	148000000	3	0.222254065752843
chr5	149000000	5	0.281089708870929
chr5	150000000	3	0.270551154575534
chr5	151000000	2	0.250851459418211
chr5	152000000	2	0.209755521333513
chr5	153000000	3	0.221320573833752
chr5	154000000	2	0.284355956679106
chr5	155000000	1	0.210215536380728
chr5	156000000	2	0.274625307752702
chr5	157000000	2	0.296402176662113
chr5	158000000	2	0.240848150974154
chr5	159000000	2	0.254988776136424
chr5	160000000	2	0.267771008230352
chr5	161000000	2	0.219481301649602
chr5	162000000	1	0.237411378724617
chr5	163000000	1	0.25572285939874
chr5	164000000	1	0.245579010617528
chr5	165000000	1	0.26253571675784
chr5	166000000	1	0.29606475261665
chr5	167000000	2	0.287939710784248
chr5	168000000	3	0.285100871119108
chr5	169000000	3	0.284869633197526
chr5	170000000	3	0.265634708060854
chr5	171000000	5	0.304134700193277
chr5	172000000	5	0.346502984336837
chr5	173000000	4	0.319192363339551
chr5	174000000	4	0.312363843610682
chr5	175000000	5	0.31533112582038
chr5	176000000	7	0.355192029143357
chr5	177000000	7	0.418836578573476
chr6	1000000	4	0.231355506669303
chr6	2000000	4	0.253857540128424
chr6	3000000	5	0.24813218098326
chr6	4000000	4	0.234700321259262
chr6	5000000	4	0.222642101714953
chr6	6000000	4	0.217174623778426
chr6	7000000	4	0.257394531539357
chr6	8000000	2	0.216726289367307
chr6	9000000	3	0.216847748161632
chr6	10000000	3	0.276189681481383
chr6	11000000	3	0.237931221105824
chr6	12000000	3	0.234398063527403
chr6	13000000	4	0.256265858282795
chr6	14000000	5	0.227556595718637
chr6	15000000	6	0.286749779672792
chr6	16000000	5	0.26378181209294
chr6	17000000	5	0.290948528136337
chr6	18000000	3	0.257171815608352
chr6	19000000	4	0.223943553482607
chr6	20000000	3	0.245577202480983
chr6	21000000	4	0.271727948475839
chr6	22000000	4	0.2311963324784
chr6	23000000	3	0.244460314782898
chr6	24000000	4	0.272812953972713
chr6	25000000	4	0.260621224085121
chr6	26000000	5	0.253777928101036
chr6	27000000	5	0.262124679778623
chr6	28000000	5	0.273036393783856
chr6	29000000	7	0.259795018218391
chr6	30000000	8	0.299597727255686
chr6	31000000	9	0.309955225737544
chr6	32000000	9	0.268083216011296
chr6	33000000	10	0.293752428424491
chr6	34000000	9	0.331881098781279
chr6	35000000	8	0.349022153959465
chr6	36000000	8	0.314301026011686
chr6	37000000	7	0.297931108673648
chr6	38000000	6	0.286935669046394
chr6	39000000	6	0.233499157108821
chr6	40000000	7	0.230490380493979
chr6	41000000	7	0.294364933024037
chr6	42000000	8	0.338850052967538
chr6	43000000	9	0.314646467725595
chr6	44000000	6	0.262880068902122
chr6	45000000	4	0.248113740645924
chr6	46000000	4	0.225561905338227
chr6	47000000	3	0.239734409806787
chr6	48000000	4	0.23274204632878
chr6	49000000	3	0.259830971191943
chr6	50000000	3	0.228770639064806
chr6	51000000	3	0.257143706779318
chr6	52000000	4	0.334931919939622
chr6	64000000	2	0.189995362360336
chr6	65000000	3	0.206600137083183
chr6	66000000	2	0.200655813758633
chr6	67000000	2	0.204382597444867
chr6	68000000	3	0.208048369552215
chr6	69000000	2	0.223053837375713
chr6	70000000	2	0.2449521023691
chr6	71000000	2	0.204077791363373
chr6	72000000	2	0.208702811147857
chr6	73000000	3	0.278901746891091
chr6	74000000	3	0.204634976902767
chr6	75000000	3	0.247487616185035
chr6	76000000	2	0.188659062921017
chr6	77000000	3	0.191485595114589
chr6	78000000	3	0.203749583512909
chr6	79000000	2	0.219357998594435
chr6	80000000	2	0.192409043307417
chr6	81000000	3	0.197384074153634
chr6	82000000	2	0.227126510854737
chr6	83000000	2	0.226235569479255
chr6	84000000	2	0.211187841040804
chr6	85000000	3	0.218917251040211
chr6	86000000	3	0.211857917970649
chr6	87000000	3	0.234146589640454
chr6	88000000	4	0.235878862824783
chr6	89000000	4	0.271375382590494
chr6	90000000	4	0.194559769743094
chr6	91000000	3	0.18161092235841
chr6	92000000	2	0.194144788600332
chr6	93000000	2	0.197372946748577
chr6	94000000	2	0.199375196378744
chr6	95000000	2	0.186698679136506
chr6	96000000	2	0.218900183099202
chr6	97000000	2	0.218085095775687
chr6	98000000	2	0.213132943498434
chr6	99000000	2	0.242594684634247
chr6	100000000	2	0.196239191797379
chr6	101000000	2	0.208718537585675
chr6	102000000	2	0.196191591711134
chr6	103000000	3	0.211957687026418
chr6	104000000	2	0.238790591841029
chr6	105000000	3	0.231381261449142
chr6	106000000	4	0.265690245090686
chr6	107000000	5	0.293942434928472
chr6	108000000	6	0.307921204087548
chr6	109000000	6	0.255459858961783
chr6	110000000	5	0.298422400399831
chr6	111000000	4	0.268335263783553
chr6	112000000	3	0.207251574448789
chr6	113000000	3	0.243798014951861
chr6	114000000	2	0.199484397827808
chr6	115000000	2	0.210480421304332
chr6	116000000	1	0.229593976812095
chr6	117000000	2	0.213227727697097
chr6	118000000	2	0.232585696646639
chr6	119000000	2	0.207302290207176
chr6	120000000	2	0.205655548759374
chr6	121000000	2	0.217083066257041
chr6	122000000	2	0.210048896214342
chr6	123000000	2	0.204592253285152
chr6	124000000	2	0.20853890157047
chr6	125000000	2	0.213010335889648
chr6	126000000	1	0.212818788989398
chr6	127000000	2	0.37378468681292
chr6	128000000	2	0.233936022647172
chr6	129000000	2	0.250701835153286
chr6	130000000	2	0.234412217933378
chr6	131000000	2	0.256625104203927
chr6	132000000	2	0.250051753181868
chr6	133000000	2	0.243482997803093
chr6	134000000	3	0.272857756442573
chr6	135000000	3	0.263631580549314
chr6	136000000	3	0.284400643221016
chr6	137000000	4	0.250233276007361
chr6	138000000	4	0.278358151196964
chr6	139000000	3	0.258241370805166
chr6	140000000	2	0.238174513535329
chr6	141000000	2	0.241818946480332
chr6	142000000	2	0.231108573412384
chr6	143000000	1	0.255386028993094
chr6	144000000	2	0.253868369820777
chr6	145000000	2	0.241199682925388
chr6	146000000	2	0.22137602372242
chr6	147000000	1	0.248075823634924
chr6	148000000	2	0.285478694830107
chr6	149000000	3	0.309502696357724
chr6	150000000	5	0.300988268633307
chr6	151000000	3	0.314318122062488
chr6	152000000	2	0.275680740315129
chr6	153000000	2	0.25859323364069
chr6	154000000	2	0.307525056092897
chr6	155000000	3	0.274657258240093
chr6	156000000	3	0.283812886561545
chr6	157000000	4	0.311453020695486
chr6	158000000	5	0.339516479296385
chr6	159000000	4	0.276484603605776
chr6	160000000	3	0.259640353406346
chr6	161000000	2	0.257403695025293
chr6	162000000	2	0.268784673633586
chr6	163000000	2	0.266174015091257
chr6	164000000	1	0.262954549540813
chr6	165000000	2	0.271057790697695
chr6	166000000	3	0.30252471119109
chr6	167000000	4	0.288764357807369
chr6	168000000	5	0.317692751392733
chr7	3000000	6	0.25029958511754
chr7	4000000	7	0.298064550668372
chr7	5000000	7	0.329853586696242
chr7	6000000	6	0.334732146677769
chr7	7000000	3	0.233100212833694
chr7	8000000	2	0.215936709905976
chr7	9000000	2	0.210818538970236
chr7	10000000	2	0.233340118580408
chr7	11000000	2	0.233006315733758
chr7	12000000	2	0.228104833361753
chr7	13000000	2	0.22522690444813
chr7	14000000	2	0.217870350162129
chr7	15000000	2	0.218242911910052
chr7	16000000	2	0.236731216619793
chr7	17000000	2	0.222008926789822
chr7	18000000	2	0.250844115380747
chr7	19000000	2	0.236286413577622
chr7	20000000	2	0.249397994341383
chr7	21000000	4	0.25523714455885
chr7	22000000	4	0.264543589518208
chr7	23000000	5	0.29671507920433
chr7	24000000	5	0.264194544641061
chr7	25000000	5	0.255108835139132
chr7	26000000	6	0.280107517337868
chr7	27000000	6	0.291834910394818
chr7	28000000	6	0.262381945846701
chr7	29000000	6	0.279662723003945
chr7	30000000	6	0.253284412501344
chr7	31000000	4	0.211070405743768
chr7	32000000	4	0.251704195086875
chr7	33000000	3	0.237563724654873
chr7	34000000	3	0.204077426460228
chr7	35000000	4	0.239092687054197
chr7	36000000	4	0.236880275535134
chr7	37000000	4	0.2142795371337
chr7	38000000	4	0.224228295788106
chr7	39000000	4	0.282455791793485
chr7	40000000	4	0.252927978044993
chr7	41000000	5	0.19801369035599
chr7	42000000	4	0.230343868528231
chr7	43000000	5	0.274978088723392
chr7	44000000	8	0.289642774425764
chr7	45000000	6	0.233554630233449
chr7	46000000	5	0.193581659809282
chr7	47000000	5	0.242229262324936
chr7	48000000	3	0.226615658435132
chr7	49000000	4	0.235086654491518
chr7	50000000	4	0.214087805236652
chr7	51000000	4	0.227686029420562
chr7	52000000	4	0.237777008137112
chr7	53000000	5	0.214540732806651
chr7	54000000	5	0.227081353640022
chr7	55000000	5	0.289279185372646
chr7	56000000	6	0.34692714963268
chr7	67000000	7	0.246169276163968
chr7	68000000	7	0.235036833667605
chr7	69000000	5	0.26536131936772
chr7	70000000	6	0.254539738972728
chr7	71000000	8	0.257557324135351
chr7	72000000	8	0.324292176045209
chr7	73000000	10	0.315293702927518
chr7	74000000	8	0.356147129302969
chr7	75000000	8	0.319027058357978
chr7	76000000	8	0.328040529195584
chr7	77000000	4	0.282756437087946
chr7	78000000	3	0.236306591563584
chr7	79000000	3	0.245030209990385
chr7	80000000	3	0.239210838700112
chr7	81000000	2	0.242830515691758
chr7	82000000	2	0.243394388412502
chr7	83000000	2	0.238122609383025
chr7	84000000	2	0.22652192391463
chr7	85000000	2	0.204963696294518
chr7	86000000	2	0.215566967369576
chr7	87000000	2	0.234480877984143
chr7	88000000	2	0.207413227865151
chr7	89000000	2	0.225795407520737
chr7	90000000	3	0.239722885911518
chr7	91000000	3	0.227276840769801
chr7	92000000	3	0.271850210149996
chr7	93000000	2	0.220006380970653
chr7	94000000	3	0.238842212016044
chr7	95000000	3	0.240106006584905
chr7	96000000	4	0.246549444677719
chr7	97000000	6	0.277831534707041
chr7	98000000	8	0.318138251334033
chr7	99000000	8	0.332437676325259
chr7	100000000	10	0.356651167462483
chr7	101000000	8	0.334641728695597
chr7	102000000	6	0.333345188365193
chr7	103000000	4	0.261630614032582
chr7	104000000	4	0.261300563519979
chr7	105000000	4	0.299213915205088
chr7	106000000	3	0.24080468247438
chr7	107000000	3	0.265269045584093
chr7	108000000	2	0.219061270917033
chr7	109000000	3	0.19729064603492
chr7	110000000	1	0.214721395951274
chr7	111000000	2	0.231847397884914
chr7	112000000	1	0.228059985859973
chr7	113000000	2	0.203556734756457
chr7	114000000	2	0.196748112249188
chr7	115000000	2	0.215133734659707
chr7	116000000	1	0.218746180752867
chr7	117000000	1	0.214217350812243
chr7	118000000	2	0.204532164988351
chr7	119000000	2	0.195407179643184
chr7	120000000	1	0.216725490167634
chr7	121000000	1	0.218737083259295
chr7	122000000	1	0.222623276262572
chr7	123000000	1	0.232804295733896
chr7	124000000	2	0.229495793581241
chr7	125000000	2	0.238857439605626
chr7	126000000	2	0.242440164627151
chr7	127000000	4	0.268894460156183
chr7	128000000	6	0.314890154059722
chr7	129000000	6	0.335029415047964
chr7	130000000	5	0.292078470598494
chr7	131000000	5	0.28030324399755
chr7	132000000	4	0.21797364611466
chr7	133000000	3	0.286059252489364
chr7	134000000	3	0.269224419793791
chr7	135000000	3	0.262048188555567
chr7	136000000	2	0.232334189557169
chr7	137000000	3	0.2393885096302
chr7	138000000	4	0.313856815879983
chr7	139000000	5	0.318805284165226
chr7	140000000	4	0.338669858223975
chr7	141000000	3	0.284946733425915
chr7	142000000	2	0.226989262271946
chr7	143000000	2	0.2270302533107
chr7	144000000	1	0.215680581250469
chr7	145000000	3	0.213396462172606
chr7	146000000	2	0.235563682772584
chr7	147000000	2	0.260251406709805
chr7	148000000	3	0.326343392028407
chr7	149000000	5	0.312781354735543
chr7	150000000	4	0.26714453871404
chr7	151000000	5	0.300364841729387
chr7	152000000	3	0.342105564973423
chr7	153000000	4	0.235592068687652
chr7	154000000	4	0.243855718042102
chr7	155000000	4	0.25855883784506
chr7	156000000	3	0.299728991651384
chr7	157000000	5	0.381564763353892
chr8	11000000	6	0.276458559688332
chr8	12000000	3	0.256876379177041
chr8	13000000	3	0.22705821290753
chr8	14000000	4	0.215970582842466
chr8	15000000	3	0.232391317489694
chr8	16000000	3	0.261407998284089
chr8	17000000	3	0.294070733323631
chr8	18000000	3	0.254049995832919
chr8	19000000	4	0.266681700538417
chr8	20000000	5	0.208688194022318
chr8	21000000	6	0.234680191438096
chr8	22000000	7	0.29541703541284
chr8	23000000	4	0.273191664103193
chr8	24000000	4	0.234311093794841
chr8	25000000	5	0.258236745782306
chr8	26000000	4	0.2830631815641
chr8	27000000	6	0.281229897729208
chr8	28000000	6	0.323556644869794
chr8	29000000	5	0.284113418304191
chr8	30000000	4	0.325672607416615
chr8	31000000	4	0.262799132636978
chr8	32000000	3	0.251424971677671
chr8	33000000	4	0.278660402408451
chr8	34000000	5	0.20448045659757
chr8	35000000	6	0.210511876957586
chr8	36000000	5	0.240838709403904
chr8	37000000	5	0.266891363740289
chr8	38000000	5	0.338159002118177
chr8	39000000	4	0.278492578401014
chr8	40000000	4	0.257025719609792
chr8	41000000	6	0.290102758976883
chr8	42000000	5	0.373845571622179
chr8	48000000	5	0.211245561740243
chr8	49000000	4	0.184495251073272
chr8	50000000	4	0.202269097513082
chr8	51000000	4	0.235797979827536
chr8	52000000	3	0.235508720804683
chr8	53000000	3	0.231741805822725
chr8	54000000	3	0.258924200836858
chr8	55000000	3	0.246766401198594
chr8	56000000	4	0.237520159674852
chr8	57000000	3	0.215185422928018
chr8	58000000	3	0.235592622097558
chr8	59000000	3	0.241742567838719
chr8	60000000	3	0.252990464507192
chr8	61000000	4	0.234259473643349
chr8	62000000	5	0.248711865161017
chr8	63000000	4	0.233281400851032
chr8	64000000	3	0.237013773585896
chr8	65000000	3	0.281032241735513
chr8	66000000	4	0.283528434048705
chr8	67000000	4	0.275759176993959
chr8	68000000	4	0.232604416131915
chr8	69000000	4	0.262960510362867
chr8	70000000	4	0.261149615529146
chr8	71000000	4	0.220566639922171
chr8	72000000	3	0.210937989747026
chr8	73000000	4	0.273188312598392
chr8	74000000	4	0.24327725374824
chr8	75000000	3	0.209464796287806
chr8	76000000	2	0.217952077394862
chr8	77000000	2	0.231418129472017
chr8	78000000	2	0.247612625934577
chr8	79000000	2	0.226509865790034
chr8	80000000	2	0.277565487674487
chr8	81000000	2	0.245043986384539
chr8	82000000	2	0.214878713789539
chr8	83000000	2	0.220380697059995
chr8	84000000	2	0.240271602771413
chr8	85000000	2	0.240750853365291
chr8	86000000	2	0.231641501668405
chr8	87000000	2	0.219082465411891
chr8	88000000	2	0.235859310442364
chr8	89000000	2	0.239492516162729
chr8	90000000	2	0.23888744695078
chr8	91000000	2	0.22898736684207
chr8	92000000	3	0.245070712274762
chr8	93000000	3	0.287444306080977
chr8	94000000	3	0.306215791375033
chr8	95000000	5	0.257300176045761
chr8	96000000	4	0.241612623312427
chr8	97000000	3	0.303192068464612
chr8	98000000	4	0.263469779690707
chr8	99000000	4	0.275008628289989
chr8	100000000	3	0.282992950613059
chr8	101000000	4	0.253682426734057
chr8	102000000	5	0.304406441137762
chr8	103000000	4	0.236207389455635
chr8	104000000	3	0.224654529014416
chr8	105000000	2	0.221256740801326
chr8	106000000	3	0.229357326837393
chr8	107000000	1	0.240193840526146
chr8	108000000	2	0.231600051265656
chr8	109000000	1	0.220488451920703
chr8	110000000	1	0.21006812480576
chr8	111000000	2	0.217286134127054
chr8	112000000	2	0.234499761690885
chr8	113000000	1	0.211065039882111
chr8	114000000	1	0.236744852677897
chr8	115000000	1	0.248868392360608
chr8	116000000	1	0.266571058494286
chr8	117000000	2	0.222005526798379
chr8	118000000	2	0.249613629965311
chr8	119000000	2	0.263791021929867
chr8	120000000	2	0.271693676925565
chr8	121000000	1	0.251014132936848
chr8	122000000	1	0.250206121425649
chr8	123000000	2	0.306615954990525
chr8	124000000	3	0.27561708600917
chr8	125000000	3	0.255394211396166
chr8	126000000	3	0.22481110164839
chr8	127000000	3	0.26983635196247
chr8	128000000	2	0.235707153276656
chr8	129000000	2	0.276627410328042
chr8	130000000	1	0.288170936767488
chr8	131000000	2	0.237193357563864
chr8	132000000	2	0.229231553032909
chr8	133000000	2	0.246775756975499
chr8	134000000	3	0.223241042555913
chr8	135000000	3	0.225710978836932
chr8	136000000	2	0.245468322933981
chr8	137000000	3	0.233487219859627
chr8	138000000	3	0.24612817872623
chr8	139000000	4	0.252412961692087
chr8	140000000	4	0.354966778518113
chr8	141000000	5	0.304965069785942
chr8	142000000	7	0.319038586509142
chr8	143000000	9	0.3599713831917
chr8	144000000	9	0.361652375794682
chr8	145000000	9	0.170723145440986
chr10	1000000	6	0.181725342792072
chr10	2000000	5	0.18345847815351
chr10	3000000	5	0.189492832851325
chr10	4000000	4	0.201349329451293
chr10	5000000	4	0.251117106206241
chr10	6000000	5	0.239195235590715
chr10	7000000	4	0.234687941579844
chr10	8000000	3	0.227079596061096
chr10	9000000	4	0.2126727950022
chr10	10000000	4	0.216537797498078
chr10	11000000	4	0.268431895849452
chr10	12000000	7	0.315882079052097
chr10	13000000	6	0.295800934280189
chr10	14000000	5	0.255847998542442
chr10	15000000	4	0.271438590585442
chr10	16000000	4	0.241163277693616
chr10	17000000	4	0.267616728734107
chr10	18000000	4	0.2856174306441
chr10	19000000	3	0.229424696625993
chr10	20000000	3	0.255591091880676
chr10	21000000	4	0.288273519917607
chr10	22000000	4	0.252705494916667
chr10	23000000	4	0.23723625006556
chr10	24000000	4	0.273735465531368
chr10	25000000	4	0.252123371112676
chr10	26000000	3	0.281152032169951
chr10	27000000	4	0.295382535767887
chr10	28000000	4	0.298742198773893
chr10	29000000	5	0.281450820299582
chr10	30000000	5	0.270727599984245
chr10	31000000	5	0.267605008847819
chr10	32000000	5	0.301566035332022
chr10	33000000	4	0.255431094413129
chr10	34000000	5	0.310637267862047
chr10	35000000	5	0.291385959406393
chr10	36000000	5	0.295633143243366
chr10	50000000	5	0.21402851196462
chr10	51000000	5	0.203480388784277
chr10	52000000	3	0.205223151472594
chr10	53000000	4	0.19494667379601
chr10	54000000	3	0.206030252115385
chr10	55000000	3	0.204323312290923
chr10	56000000	3	0.207550579567067
chr10	57000000	3	0.2322578693083
chr10	58000000	2	0.232517701938099
chr10	59000000	2	0.245478944524632
chr10	60000000	3	0.2365814528764
chr10	61000000	4	0.25129094505751
chr10	62000000	4	0.243881044549491
chr10	63000000	3	0.277051849650365
chr10	64000000	4	0.199442237028447
chr10	65000000	3	0.232968404558134
chr10	66000000	3	0.262183557046225
chr10	67000000	3	0.297242220399957
chr10	68000000	3	0.358032246051827
chr10	69000000	3	0.277852170618966
chr10	70000000	6	0.285506171242573
chr10	71000000	8	0.266852109457316
chr10	72000000	9	0.341718562094937
chr10	73000000	10	0.323609793146095
chr10	74000000	7	0.300696669788453
chr10	75000000	7	0.232507634961753
chr10	76000000	5	0.200728898833216
chr10	77000000	5	0.213303313215013
chr10	78000000	5	0.184163048474528
chr10	79000000	6	0.208151721594952
chr10	80000000	7	0.216531614493703
chr10	81000000	6	0.181553277221379
chr10	82000000	4	0.180481570252965
chr10	83000000	4	0.19281076464687
chr10	84000000	4	0.204740817844387
chr10	85000000	4	0.19001597526841
chr10	86000000	3	0.247126938937342
chr10	87000000	4	0.234877514886781
chr10	88000000	5	0.190028585522221
chr10	89000000	4	0.236630621533821
chr10	90000000	4	0.244006391208363
chr10	91000000	4	0.262411676434502
chr10	92000000	4	0.334958892516669
chr10	93000000	4	0.278543625443297
chr10	94000000	6	0.286762857719862
chr10	95000000	5	0.261643310571782
chr10	96000000	5	0.273610813724841
chr10	97000000	4	0.295562229152057
chr10	98000000	6	0.251581425131742
chr10	99000000	6	0.305394381964735
chr10	100000000	5	0.312045556501668
chr10	101000000	5	0.317673261032645
chr10	102000000	8	0.363291265189215
chr10	103000000	7	0.299944127230561
chr10	104000000	7	0.211383590725841
chr10	105000000	6	0.189206729486491
chr10	106000000	4	0.199029025894213
chr10	107000000	3	0.212984521961032
chr10	108000000	3	0.223319137311838
chr10	109000000	2	0.222288970590469
chr10	110000000	2	0.240175435347722
chr10	111000000	2	0.215197358887974
chr10	112000000	3	0.255893493506973
chr10	113000000	3	0.25443526698101
chr10	114000000	3	0.265545000519821
chr10	115000000	3	0.25072621840937
chr10	116000000	3	0.259307422476045
chr10	117000000	2	0.258704156777263
chr10	118000000	3	0.27747175027402
chr10	119000000	3	0.318793783483582
chr10	120000000	4	0.242212899704146
chr10	121000000	5	0.298038557007378
chr10	122000000	4	0.257705837798306
chr10	123000000	5	0.231510037023023
chr10	124000000	4	0.296197605312703
chr10	125000000	5	0.27120854398595
chr10	126000000	5	0.250622812570813
chr10	127000000	4	0.265646016842226
chr10	128000000	4	0.206635666732468
chr10	129000000	3	0.225365417247836
chr10	130000000	4	0.228589694310841
chr10	131000000	4	0.259978757362235
chr10	132000000	5	0.267689338520506
chr10	133000000	5	0.343188335279454
chr11	1000000	10	0.240124019609103
chr11	2000000	9	0.225586981565536
chr11	3000000	7	0.279779837685775
chr11	4000000	3	0.220861310023878
chr11	5000000	3	0.224719832579125
chr11	6000000	3	0.237779460329063
chr11	7000000	3	0.230045542312608
chr11	8000000	5	0.252256750383443
chr11	9000000	6	0.313751942307522
chr11	10000000	6	0.252766669229693
chr11	11000000	6	0.222639951398711
chr11	12000000	5	0.239049004913028
chr11	13000000	4	0.228102364342383
chr11	14000000	4	0.260457894798299
chr11	15000000	4	0.204983011676468
chr11	16000000	4	0.274337312709353
chr11	17000000	6	0.271585922118684
chr11	18000000	5	0.283352186677577
chr11	19000000	5	0.215230025373073
chr11	20000000	3	0.237184975940741
chr11	21000000	2	0.233800304796304
chr11	22000000	2	0.219089451194038
chr11	23000000	3	0.217914528882626
chr11	24000000	2	0.237277808683926
chr11	25000000	3	0.23743252290028
chr11	26000000	2	0.219068311528501
chr11	27000000	2	0.224952300263631
chr11	28000000	2	0.228095810932307
chr11	29000000	3	0.209646132087189
chr11	30000000	3	0.24521265559332
chr11	31000000	3	0.23223671018449
chr11	32000000	4	0.27895617728407
chr11	33000000	5	0.277092096429953
chr11	34000000	5	0.257461848275383
chr11	35000000	5	0.219910849606377
chr11	36000000	4	0.230916836238578
chr11	37000000	3	0.199697373839679
chr11	38000000	4	0.235104938997046
chr11	39000000	4	0.234994958707884
chr11	40000000	3	0.225197794636168
chr11	41000000	3	0.23918937343975
chr11	42000000	4	0.242092268310197
chr11	43000000	4	0.283123407855079
chr11	44000000	7	0.250442529801787
chr11	45000000	7	0.297184810345074
chr11	57000000	4	0.24232817165764
chr11	58000000	4	0.222710955190312
chr11	59000000	4	0.255360365563162
chr11	60000000	6	0.254220124171352
chr11	61000000	9	0.281759323616689
chr11	62000000	9	0.313606389979624
chr11	63000000	8	0.308887889417197
chr11	64000000	10	0.308628703761617
chr11	65000000	10	0.319373179611315
chr11	66000000	9	0.330375703547476
chr11	67000000	10	0.327350720658262
chr11	68000000	10	0.300152893214515
chr11	69000000	10	0.237159928587974
chr11	70000000	10	0.261342133389551
chr11	71000000	9	0.277496518410608
chr11	72000000	9	0.281723106820458
chr11	73000000	7	0.319707249560363
chr11	74000000	7	0.302626485206912
chr11	75000000	7	0.280256570531578
chr11	76000000	6	0.276459092742607
chr11	77000000	6	0.292650735047374
chr11	78000000	4	0.260272681997778
chr11	79000000	2	0.205551165554658
chr11	80000000	2	0.219093761806721
chr11	81000000	3	0.214584291475037
chr11	82000000	3	0.213158791928647
chr11	83000000	3	0.249269292169541
chr11	84000000	3	0.217222060880559
chr11	85000000	3	0.240549806147138
chr11	86000000	3	0.247055260282538
chr11	87000000	2	0.223188222228927
chr11	88000000	2	0.213623428701031
chr11	89000000	2	0.201551960944318
chr11	90000000	2	0.205644506472209
chr11	91000000	2	0.207161490110741
chr11	92000000	2	0.210787966338547
chr11	93000000	3	0.237916841959509
chr11	94000000	2	0.212726854344469
chr11	95000000	2	0.219346017838704
chr11	96000000	2	0.233322681454045
chr11	97000000	2	0.192857187244993
chr11	98000000	2	0.247415335871886
chr11	99000000	2	0.204648901460335
chr11	100000000	2	0.226586669416417
chr11	101000000	2	0.221532421485573
chr11	102000000	2	0.270628180968174
chr11	103000000	1	0.209299995936533
chr11	104000000	3	0.204827265137688
chr11	105000000	2	0.216992374165871
chr11	106000000	3	0.272994945096883
chr11	107000000	2	0.276122007743075
chr11	108000000	2	0.281040895898705
chr11	109000000	2	0.229734474526021
chr11	110000000	3	0.255067321107636
chr11	111000000	3	0.276867358273714
chr11	112000000	3	0.226742126231898
chr11	113000000	4	0.233736065062835
chr11	114000000	4	0.22340130458059
chr11	115000000	4	0.216755244091809
chr11	116000000	4	0.264659703525539
chr11	117000000	7	0.285079109033819
chr11	118000000	7	0.322501436846501
chr11	119000000	7	0.292267116702141
chr11	120000000	5	0.267326645211687
chr11	121000000	3	0.268184854738901
chr11	122000000	3	0.2917483063701
chr11	123000000	3	0.311812914929213
chr11	124000000	2	0.265239398188764
chr11	125000000	4	0.306094971585244
chr11	126000000	4	0.273114806353607
chr11	127000000	3	0.258471069421596
chr11	128000000	2	0.262817671875633
chr11	129000000	2	0.359453472317554
chr12	1000000	7	0.295883232450013
chr12	2000000	9	0.264714020509273
chr12	3000000	8	0.247861275733157
chr12	4000000	7	0.255246867735157
chr12	5000000	8	0.223084829773091
chr12	6000000	8	0.295700904206789
chr12	7000000	7	0.294880323473999
chr12	8000000	6	0.294003234576113
chr12	9000000	5	0.245189256798547
chr12	10000000	5	0.258813649274948
chr12	11000000	5	0.247475162842016
chr12	12000000	5	0.310080401220736
chr12	13000000	5	0.224093493543069
chr12	14000000	4	0.256325937984724
chr12	15000000	3	0.240243192540793
chr12	16000000	3	0.216551285671422
chr12	17000000	3	0.238173095357131
chr12	18000000	3	0.227084672733306
chr12	19000000	3	0.296248368489552
chr12	20000000	4	0.239333863131361
chr12	21000000	3	0.239200024789541
chr12	22000000	4	0.244381974085187
chr12	23000000	3	0.246610303377155
chr12	24000000	3	0.277255957695121
chr12	25000000	4	0.275761121681495
chr12	26000000	4	0.275989259771119
chr12	27000000	5	0.280032319855635
chr12	28000000	4	0.239922600192529
chr12	29000000	4	0.234987699523795
chr12	30000000	5	0.25136983957747
chr12	31000000	6	0.306765562373824
chr12	32000000	5	0.323381173834148
chr12	33000000	4	0.262488830405446
chr12	40000000	3	0.208044708625398
chr12	41000000	3	0.206666953982683
chr12	42000000	3	0.248976590286275
chr12	43000000	3	0.257258622930187
chr12	44000000	3	0.22401384300963
chr12	45000000	3	0.230879592757745
chr12	46000000	3	0.213791546694477
chr12	47000000	5	0.224729858401118
chr12	48000000	6	0.281710318719916
chr12	49000000	8	0.303913749602929
chr12	50000000	8	0.345793628632289
chr12	51000000	8	0.318934651493022
chr12	52000000	9	0.265170261936136
chr12	53000000	9	0.30832056437381
chr12	54000000	7	0.295816896237326
chr12	55000000	5	0.274215662101333
chr12	56000000	7	0.320993352032869
chr12	57000000	7	0.282559538744784
chr12	58000000	4	0.180390634719902
chr12	59000000	3	0.18026432381211
chr12	60000000	4	0.195118289810696
chr12	61000000	4	0.206593165017276
chr12	62000000	3	0.263132358092205
chr12	63000000	3	0.232131386235853
chr12	64000000	3	0.276492284420827
chr12	65000000	3	0.221708643919082
chr12	66000000	3	0.243815487587361
chr12	67000000	3	0.212230401920884
chr12	68000000	3	0.26071076857102
chr12	69000000	4	0.235900257052788
chr12	70000000	3	0.22255434166638
chr12	71000000	3	0.217836130683481
chr12	72000000	2	0.190794178624537
chr12	73000000	3	0.205011703321327
chr12	74000000	3	0.209876056805877
chr12	75000000	3	0.216499001358635
chr12	76000000	3	0.249889132653487
chr12	77000000	3	0.233393128566119
chr12	78000000	2	0.226916275761909
chr12	79000000	3	0.263029650204338
chr12	80000000	2	0.243879567125454
chr12	81000000	2	0.239423122796604
chr12	82000000	2	0.232803122772018
chr12	83000000	2	0.218822533126767
chr12	84000000	2	0.23417623426867
chr12	85000000	1	0.206011757623265
chr12	86000000	2	0.204891794885716
chr12	87000000	2	0.265641608268387
chr12	88000000	1	0.212057652800593
chr12	89000000	2	0.207807735431505
chr12	90000000	2	0.223482881145076
chr12	91000000	2	0.209053491549641
chr12	92000000	2	0.262331841787638
chr12	93000000	3	0.281237080524914
chr12	94000000	4	0.264755232473448
chr12	95000000	5	0.295070544206484
chr12	96000000	4	0.254058968194817
chr12	97000000	3	0.225321180727918
chr12	98000000	3	0.275008708458725
chr12	99000000	3	0.240472368379694
chr12	100000000	3	0.280970063216101
chr12	101000000	3	0.290465053782845
chr12	102000000	3	0.241587357320222
chr12	103000000	4	0.261707323414016
chr12	104000000	5	0.275855455684694
chr12	105000000	5	0.252654480374873
chr12	106000000	5	0.284704615049736
chr12	107000000	5	0.264075951712916
chr12	108000000	6	0.280609128443162
chr12	109000000	7	0.307168107177318
chr12	110000000	7	0.343742644271061
chr12	111000000	8	0.342942811095194
chr12	112000000	7	0.316816094837857
chr12	113000000	7	0.276576454059516
chr12	114000000	6	0.241676932293967
chr12	115000000	5	0.256959839021362
chr12	116000000	5	0.388641633436008
chr12	117000000	5	0.287414794831123
chr12	118000000	4	0.312427773976705
chr12	119000000	5	0.326370157953837
chr12	120000000	7	0.353379070663812
chr12	121000000	8	0.384948249305325
chr12	122000000	8	0.372370082556852
chr12	123000000	8	0.367729592354812
chr12	124000000	7	0.325335712260983
chr12	125000000	5	0.285526099011374
chr12	126000000	4	0.219357246496745
chr12	127000000	4	0.248252578583072
chr12	128000000	4	0.279986371397196
chr12	129000000	5	0.319993385891684
chr13	21000000	8	0.293437490194012
chr13	22000000	7	0.249781404264055
chr13	23000000	6	0.302645227397657
chr13	24000000	7	0.296045755149344
chr13	25000000	6	0.291137393369869
chr13	26000000	6	0.287930653640397
chr13	27000000	7	0.295025881537791
chr13	28000000	6	0.304799409885452
chr13	29000000	7	0.267833645710488
chr13	30000000	6	0.304874522478944
chr13	31000000	6	0.282455710533168
chr13	32000000	5	0.295876177278333
chr13	33000000	5	0.273759166857262
chr13	34000000	5	0.258927022973104
chr13	35000000	4	0.275010165671478
chr13	36000000	4	0.306098761184207
chr13	37000000	4	0.257793351609809
chr13	38000000	4	0.283877125713196
chr13	39000000	4	0.271267401163097
chr13	40000000	5	0.303345748663386
chr13	41000000	5	0.303950025664866
chr13	42000000	5	0.279735319118522
chr13	43000000	5	0.282157836686504
chr13	44000000	5	0.305249297064477
chr13	45000000	5	0.326184809086837
chr13	46000000	6	0.296846760543036
chr13	47000000	5	0.259673348665156
chr13	48000000	5	0.303478896973981
chr13	49000000	5	0.327799593639499
chr13	50000000	5	0.295357783891491
chr13	51000000	5	0.292687760548344
chr13	52000000	4	0.298365180900168
chr13	53000000	4	0.222920547725685
chr13	54000000	3	0.232716693512439
chr13	55000000	3	0.230156522971537
chr13	56000000	4	0.225760596399133
chr13	57000000	3	0.221342678655976
chr13	58000000	2	0.236144278148434
chr13	59000000	3	0.259555057602615
chr13	60000000	2	0.256535023996042
chr13	61000000	2	0.242473224501539
chr13	62000000	2	0.215004103518352
chr13	63000000	3	0.228676245934529
chr13	64000000	2	0.231702899040386
chr13	65000000	2	0.234604595659301
chr13	66000000	2	0.255216523578231
chr13	67000000	2	0.243596855538972
chr13	68000000	2	0.24170254514361
chr13	69000000	2	0.253067052287066
chr13	70000000	2	0.254251444673474
chr13	71000000	2	0.279495675689005
chr13	72000000	2	0.289131724058735
chr13	73000000	3	0.296146442383946
chr13	74000000	2	0.252859111515484
chr13	75000000	2	0.274467885710144
chr13	76000000	2	0.250973164178073
chr13	77000000	2	0.265600764506045
chr13	78000000	2	0.239293978687249
chr13	79000000	2	0.250506887222742
chr13	80000000	1	0.282140598551072
chr13	81000000	2	0.23204106442479
chr13	82000000	2	0.240433372160526
chr13	83000000	3	0.243866323187573
chr13	84000000	2	0.247641016716616
chr13	85000000	1	0.245462292377156
chr13	86000000	2	0.208324324328539
chr13	87000000	2	0.206392754320803
chr13	88000000	3	0.20670725576963
chr13	89000000	3	0.225819234419532
chr13	90000000	2	0.25868196933439
chr13	91000000	2	0.247393604278023
chr13	92000000	1	0.252968260831815
chr13	93000000	2	0.282957438764345
chr13	94000000	1	0.314454997544048
chr13	95000000	3	0.329137635870565
chr13	96000000	3	0.296776587570723
chr13	97000000	3	0.297772672932414
chr13	98000000	3	0.351964329286083
chr13	99000000	4	0.333378257604744
chr13	100000000	3	0.341656706622353
chr13	101000000	2	0.273505827279288
chr13	102000000	2	0.280027753736154
chr13	103000000	2	0.224926547127203
chr13	104000000	2	0.233423568762959
chr13	105000000	2	0.25673918166163
chr13	106000000	2	0.302384179364359
chr13	107000000	2	0.293813650246794
chr13	108000000	1	0.33263330909561
chr13	109000000	3	0.344486725933443
chr14	21000000	7	0.303434865298142
chr14	22000000	7	0.284867777649415
chr14	23000000	8	0.279182040890931
chr14	24000000	7	0.246899698823795
chr14	25000000	7	0.179252921721769
chr14	26000000	6	0.231620815473223
chr14	27000000	5	0.206759155881837
chr14	28000000	7	0.214570981702912
chr14	29000000	5	0.283822969460216
chr14	30000000	4	0.255390693644756
chr14	31000000	5	0.296704800342848
chr14	32000000	6	0.256373804876466
chr14	33000000	5	0.239677865569235
chr14	34000000	5	0.338022763835964
chr14	35000000	6	0.314074259731782
chr14	36000000	5	0.256198138695635
chr14	37000000	5	0.235735626458072
chr14	38000000	5	0.217287773643714
chr14	39000000	3	0.241846259284233
chr14	40000000	3	0.19512256614614
chr14	41000000	5	0.196468260529374
chr14	42000000	4	0.200020028733852
chr14	43000000	4	0.226916018518473
chr14	44000000	3	0.249811283259179
chr14	45000000	4	0.254367603168875
chr14	46000000	5	0.182083393125754
chr14	47000000	5	0.204995476482922
chr14	48000000	6	0.226557884941422
chr14	49000000	5	0.299550016782492
chr14	50000000	5	0.300333164267737
chr14	51000000	5	0.264242953681134
chr14	52000000	6	0.297631351883805
chr14	53000000	5	0.260951622961088
chr14	54000000	5	0.299236028809163
chr14	55000000	6	0.274042187585424
chr14	56000000	6	0.268525587855289
chr14	57000000	5	0.273432054665886
chr14	58000000	5	0.286531851855658
chr14	59000000	4	0.257578520740458
chr14	60000000	4	0.272279496891251
chr14	61000000	4	0.256756119781503
chr14	62000000	5	0.243760400948049
chr14	63000000	4	0.324459916926423
chr14	64000000	5	0.312786507104184
chr14	65000000	7	0.28650834831565
chr14	66000000	5	0.271769092230975
chr14	67000000	6	0.30031337687628
chr14	68000000	6	0.279286270182347
chr14	69000000	7	0.293173511561925
chr14	70000000	7	0.278737419049465
chr14	71000000	6	0.27978915308364
chr14	72000000	6	0.282796529744161
chr14	73000000	7	0.362864211463925
chr14	74000000	8	0.334853187842675
chr14	75000000	7	0.315180707791407
chr14	76000000	6	0.296101199559789
chr14	77000000	6	0.320365197227581
chr14	78000000	4	0.236507076379213
chr14	79000000	4	0.235506789472981
chr14	80000000	3	0.249716227807393
chr14	81000000	3	0.237517366059586
chr14	82000000	2	0.224492457270292
chr14	83000000	2	0.222303680042468
chr14	84000000	2	0.233116350278553
chr14	85000000	2	0.264424364333301
chr14	86000000	2	0.23794611419508
chr14	87000000	4	0.245426812123789
chr14	88000000	3	0.279529425699282
chr14	89000000	4	0.304341950950308
chr14	90000000	5	0.310111137257784
chr14	91000000	5	0.332092494301297
chr14	92000000	6	0.309079396497173
chr14	93000000	7	0.314901553277624
chr14	94000000	6	0.278408369265584
chr14	95000000	6	0.271089985936195
chr14	96000000	5	0.285909576326334
chr14	97000000	5	0.232636519837868
chr14	98000000	4	0.258743193630436
chr14	99000000	4	0.326870248041101
chr14	100000000	7	0.312308280911712
chr14	101000000	7	0.321494261205165
chr14	102000000	7	0.383715368392918
chr14	103000000	7	0.43099176418077
chr15	31000000	8	0.240957758620114
chr15	32000000	7	0.220143477094193
chr15	33000000	6	0.219210631732671
chr15	34000000	6	0.266885041890295
chr15	35000000	6	0.207564750855408
chr15	36000000	5	0.229804981549418
chr15	37000000	5	0.23344276191186
chr15	38000000	6	0.221743267422344
chr15	39000000	7	0.234825639598333
chr15	40000000	7	0.275956519434828
chr15	41000000	9	0.303380265705112
chr15	42000000	10	0.273623001768713
chr15	43000000	9	0.288071218747399
chr15	44000000	7	0.300458444759313
chr15	45000000	6	0.23563071044032
chr15	46000000	6	0.176877393293368
chr15	47000000	6	0.183357367864596
chr15	48000000	5	0.204100995196783
chr15	49000000	5	0.224684353206059
chr15	50000000	6	0.299466285446203
chr15	51000000	6	0.240970364964182
chr15	52000000	5	0.246174010786376
chr15	53000000	5	0.192066597447795
chr15	54000000	5	0.210000500288986
chr15	55000000	5	0.272002658339106
chr15	56000000	5	0.251496559941635
chr15	57000000	6	0.235097612702961
chr15	58000000	6	0.244145859696143
chr15	59000000	6	0.265890689794437
chr15	60000000	5	0.267160745757834
chr15	61000000	6	0.335015883172994
chr15	62000000	7	0.337842188384401
chr15	63000000	7	0.363280761260269
chr15	64000000	8	0.412008808852184
chr15	65000000	9	0.384960207079851
chr15	66000000	9	0.365125283536168
chr15	67000000	9	0.367307509236228
chr15	68000000	8	0.353821271791508
chr15	69000000	8	0.307278519852362
chr15	70000000	9	0.329575715108184
chr15	71000000	7	0.344610032218702
chr15	72000000	8	0.378711723946231
chr15	73000000	7	0.356895567069217
chr15	74000000	9	0.383494926755642
chr15	75000000	9	0.39653463167232
chr15	76000000	8	0.371323007418702
chr15	77000000	7	0.353628034419575
chr15	78000000	8	0.382554032437632
chr15	79000000	7	0.319276774386969
chr15	80000000	6	0.331020243416956
chr15	81000000	5	0.320778821728218
chr15	82000000	5	0.377682939056653
chr15	83000000	6	0.371185483119274
chr15	84000000	5	0.352057143375755
chr15	85000000	6	0.367050136575401
chr15	86000000	4	0.302861534110256
chr15	87000000	5	0.295304607342226
chr15	88000000	6	0.373821162621471
chr15	89000000	6	0.344199892699946
chr15	90000000	7	0.312738399509155
chr15	91000000	4	0.232996882893665
chr15	92000000	4	0.25595219626017
chr15	93000000	3	0.223971994662061
chr15	94000000	3	0.205175079996785
chr15	95000000	3	0.198379745717662
chr15	96000000	2	0.23382082221413
chr15	97000000	2	0.237245659747575
chr15	98000000	3	0.274645611668728
chr15	99000000	4	0.338478738621675
chr16	1000000	10	0.287793289520016
chr16	2000000	10	0.301860401360731
chr16	3000000	10	0.321057163101734
chr16	4000000	10	0.319905282631649
chr16	5000000	9	0.195216705756882
chr16	6000000	8	0.177638589375223
chr16	7000000	8	0.190561171443655
chr16	8000000	7	0.247110536501919
chr16	9000000	7	0.244894188208272
chr16	10000000	8	0.262025848011381
chr16	11000000	9	0.298313333975684
chr16	12000000	9	0.22810159880691
chr16	13000000	8	0.229067652623147
chr16	14000000	7	0.283692023404747
chr16	15000000	10	0.283532098655452
chr16	16000000	9	0.236719057914907
chr16	17000000	9	0.205247370745526
chr16	18000000	8	0.257906383156062
chr16	19000000	8	0.281148183287464
chr16	20000000	7	0.260512912874197
chr16	21000000	9	0.305363445665419
chr16	22000000	8	0.322157149140713
chr16	23000000	9	0.291991950818787
chr16	24000000	8	0.2941808946282
chr16	25000000	8	0.260864171729259
chr16	26000000	8	0.231580374408048
chr16	27000000	9	0.282144456232156
chr16	28000000	10	0.300507658540224
chr16	29000000	10	0.313329332171135
chr16	30000000	10	0.374758592869591
chr16	49000000	8	0.212030439152601
chr16	50000000	8	0.235359865374843
chr16	51000000	6	0.227065886975222
chr16	52000000	5	0.236960400559843
chr16	53000000	5	0.27215477222533
chr16	54000000	7	0.239875290709767
chr16	55000000	7	0.22981326782188
chr16	56000000	7	0.276282016883197
chr16	57000000	9	0.280025056003747
chr16	58000000	6	0.273018707005229
chr16	59000000	5	0.205360619696092
chr16	60000000	4	0.226284453394802
chr16	61000000	5	0.221586920063016
chr16	62000000	4	0.224302708498717
chr16	63000000	4	0.237131802633092
chr16	64000000	6	0.206367834895616
chr16	65000000	6	0.212470354482534
chr16	66000000	8	0.281450683629089
chr16	67000000	10	0.308113428687599
chr16	68000000	9	0.324096289756424
chr16	69000000	9	0.361375078778933
chr16	70000000	8	0.315432096203136
chr16	71000000	7	0.31017402305709
chr16	72000000	6	0.265350501503758
chr16	73000000	6	0.299123155388383
chr16	74000000	7	0.365969651364881
chr16	75000000	6	0.313823042796199
chr16	76000000	4	0.253121480094434
chr16	77000000	5	0.236543217135822
chr16	78000000	6	0.202185977877031
chr16	79000000	5	0.215764518397679
chr16	80000000	5	0.269275678349852
chr16	81000000	7	0.298090604905229
chr16	82000000	5	0.245493484546363
chr16	83000000	6	0.290000755972643
chr16	84000000	8	0.313658849992042
chr16	85000000	9	0.295743762016976
chr16	86000000	9	0.263766284589175
chr16	87000000	10	0.318916481696712
chr16	88000000	10	0.271257651579575
chr16	89000000	10	0.374842438355651
chr17	0	10	0.277595366186466
chr17	1000000	10	0.324518252406972
chr17	2000000	10	0.311979717388891
chr17	3000000	10	0.288728810144347
chr17	4000000	10	0.311876973271634
chr17	5000000	10	0.277771517527976
chr17	6000000	10	0.311182832482789
chr17	7000000	10	0.282672549095013
chr17	8000000	10	0.271719401680273
chr17	9000000	9	0.24070957753113
chr17	10000000	8	0.221994979157954
chr17	11000000	8	0.218227974316178
chr17	12000000	8	0.248603134437974
chr17	13000000	7	0.227868148277513
chr17	14000000	7	0.259203244833833
chr17	15000000	8	0.290863678590192
chr17	16000000	9	0.312105129266581
chr17	17000000	10	0.291159806412366
chr17	18000000	10	0.295670786334571
chr17	19000000	10	0.288483957647535
chr17	20000000	9	0.312251278917697
chr17	27000000	10	0.238839317665631
chr17	28000000	10	0.270330402122579
chr17	29000000	9	0.296945917593346
chr17	30000000	10	0.296985047619287
chr17	31000000	9	0.303805702588459
chr17	32000000	9	0.297361174008524
chr17	33000000	8	0.21231573483006
chr17	34000000	8	0.214508098600219
chr17	35000000	9	0.286332306240911
chr17	36000000	10	0.24750987240025
chr17	37000000	10	0.313388478798946
chr17	38000000	10	0.274002520834061
chr17	39000000	10	0.314527062088204
chr17	40000000	10	0.280012134295652
chr17	41000000	10	0.339965302222499
chr17	42000000	10	0.315712315359057
chr17	43000000	10	0.307282345430998
chr17	44000000	9	0.318064183889388
chr17	45000000	10	0.296771918177313
chr17	46000000	9	0.28255383321876
chr17	47000000	10	0.312989954595207
chr17	48000000	9	0.298263373146168
chr17	49000000	6	0.292974199060179
chr17	50000000	6	0.275512356758909
chr17	51000000	6	0.254689538881673
chr17	52000000	5	0.205984099479947
chr17	53000000	5	0.214251729265804
chr17	54000000	6	0.254699124763577
chr17	55000000	7	0.255156643063304
chr17	56000000	8	0.273811495853479
chr17	57000000	8	0.279627829732669
chr17	58000000	7	0.309825618602289
chr17	59000000	7	0.342172097975337
chr17	60000000	9	0.306898841391076
chr17	61000000	7	0.306958973337383
chr17	62000000	8	0.338200005463649
chr17	63000000	6	0.306445602219958
chr17	64000000	6	0.318193139135544
chr17	65000000	7	0.280975483781557
chr17	66000000	5	0.296654176689773
chr17	67000000	5	0.354819998176012
chr17	68000000	5	0.302764991236702
chr17	69000000	6	0.267706481427946
chr17	70000000	6	0.226230160213539
chr17	71000000	7	0.246873269278463
chr17	72000000	9	0.276939716419364
chr17	73000000	10	0.306329717591614
chr17	74000000	10	0.314141393425758
chr17	75000000	10	0.347584338870227
chr17	76000000	10	0.332149587225647
chr17	77000000	10	0.329399351108408
chr17	78000000	10	0.38304736104535
chr18	1000000	4	0.275939555236945
chr18	2000000	5	0.343561366083521
chr18	3000000	6	0.352503401696669
chr18	4000000	5	0.298035514579268
chr18	5000000	5	0.258376084073985
chr18	6000000	7	0.224139105709649
chr18	7000000	8	0.264561818494431
chr18	8000000	6	0.284032655003999
chr18	9000000	6	0.336668275484581
chr18	10000000	7	0.266223283893628
chr18	11000000	7	0.322298176417061
chr18	12000000	7	0.378361449519765
chr18	13000000	8	0.332654702676084
chr18	20000000	6	0.151309424356535
chr18	21000000	6	0.336079214509919
chr18	22000000	4	0.280620701419977
chr18	23000000	4	0.324769503370299
chr18	24000000	4	0.27615981590048
chr18	25000000	3	0.248354855188242
chr18	26000000	2	0.275784167607784
chr18	27000000	3	0.231395532817813
chr18	28000000	3	0.246605043038187
chr18	29000000	3	0.251525033732191
chr18	30000000	3	0.274841707005785
chr18	31000000	3	0.305596944504736
chr18	32000000	3	0.290260439168879
chr18	33000000	4	0.252314459623273
chr18	34000000	5	0.254297522383998
chr18	35000000	4	0.272058636776427
chr18	36000000	3	0.290255348071897
chr18	37000000	3	0.226232049569257
chr18	38000000	2	0.238569751617005
chr18	39000000	3	0.272801987132242
chr18	40000000	2	0.269077645585062
chr18	41000000	4	0.280787094237062
chr18	42000000	4	0.250528064704417
chr18	43000000	5	0.252676234426823
chr18	44000000	6	0.216331278932595
chr18	45000000	7	0.26337944484229
chr18	46000000	6	0.302804724278075
chr18	47000000	6	0.270684944978583
chr18	48000000	4	0.282559802507457
chr18	49000000	4	0.3222503856851
chr18	50000000	4	0.300312769275833
chr18	51000000	4	0.241441808914605
chr18	52000000	3	0.231969370323182
chr18	53000000	4	0.262261762822685
chr18	54000000	4	0.282553535436072
chr18	55000000	5	0.269428529696222
chr18	56000000	5	0.307502336643386
chr18	57000000	4	0.323486001324243
chr18	58000000	3	0.336746150609506
chr18	59000000	3	0.302390963851854
chr18	60000000	3	0.263234209860464
chr18	61000000	2	0.291602067533272
chr18	62000000	2	0.34018199018238
chr18	63000000	2	0.307475184533166
chr18	64000000	2	0.254437663704924
chr18	65000000	3	0.278087023687258
chr18	66000000	2	0.281917608411399
chr18	67000000	3	0.251089788124842
chr18	68000000	3	0.288838812657476
chr18	69000000	3	0.274164392377765
chr18	70000000	3	0.277926850355957
chr18	71000000	3	0.244771676090697
chr18	72000000	3	0.269302361290206
chr18	73000000	3	0.270337174215861
chr18	74000000	4	0.298082436814937
chr18	75000000	4	0.322879060103997
chr19	1000000	10	0.281781437734944
chr19	2000000	10	0.304228670108324
chr19	3000000	10	0.309105857112773
chr19	4000000	10	0.338369228290156
chr19	5000000	10	0.314478957280218
chr19	6000000	10	0.301189776601433
chr19	7000000	10	0.303751568501171
chr19	8000000	10	0.325496238600187
chr19	9000000	10	0.2751059721766
chr19	10000000	10	0.323659169843553
chr19	11000000	10	0.301543765113051
chr19	12000000	10	0.303644740450327
chr19	13000000	10	0.299752236054502
chr19	14000000	10	0.332134233774573
chr19	15000000	10	0.281452140334418
chr19	16000000	10	0.328109134413191
chr19	17000000	10	0.348429833056503
chr19	18000000	10	0.347095675278851
chr19	19000000	10	0.326554422720629
chr19	20000000	8	0.250469975189497
chr19	21000000	10	0.301947809016717
chr19	22000000	9	0.335202235068186
chr19	30000000	9	0.257074039540962
chr19	31000000	9	0.245177458665595
chr19	32000000	9	0.318061646960216
chr19	33000000	10	0.278861357184416
chr19	34000000	10	0.300404874061549
chr19	35000000	10	0.280693543431447
chr19	36000000	10	0.259726408205945
chr19	37000000	10	0.270225377397565
chr19	38000000	10	0.309111543290395
chr19	39000000	10	0.285114817448766
chr19	40000000	10	0.300461296084706
chr19	41000000	10	0.294658467087235
chr19	42000000	10	0.286517114247442
chr19	43000000	10	0.283252438507824
chr19	44000000	9	0.298439952270705
chr19	45000000	10	0.339777458432359
chr19	46000000	10	0.321227856160362
chr19	47000000	10	0.347808997186141
chr19	48000000	10	0.346797738062229
chr19	49000000	10	0.32232715428055
chr19	50000000	10	0.283997958439481
chr19	51000000	10	0.25381082373881
chr19	52000000	10	0.251026766893231
chr19	53000000	10	0.290845397720236
chr19	54000000	10	0.2876017011305
chr19	55000000	10	0.300277072587797
chr19	56000000	10	0.261150148935211
chr19	57000000	9	0.282262512091506
chr19	58000000	10	0.306158424611154
chr20	1000000	8	0.255026542928209
chr20	2000000	8	0.291873117570318
chr20	3000000	7	0.321691725107411
chr20	4000000	6	0.261052459094896
chr20	5000000	6	0.292010188831795
chr20	6000000	4	0.230590901132596
chr20	7000000	4	0.247840516567994
chr20	8000000	4	0.257927766164504
chr20	9000000	4	0.251207890455343
chr20	10000000	4	0.236312684655204
chr20	11000000	4	0.232378340509297
chr20	12000000	4	0.220964525705928
chr20	13000000	4	0.269116542438385
chr20	14000000	6	0.214375974172854
chr20	15000000	5	0.199648450892154
chr20	16000000	5	0.235328322165496
chr20	17000000	6	0.249499574149313
chr20	18000000	6	0.274502394038049
chr20	19000000	7	0.221849624486948
chr20	20000000	6	0.242869538125168
chr20	21000000	6	0.269125054489671
chr20	22000000	7	0.192489495575223
chr20	23000000	7	0.256079421062021
chr20	32000000	9	0.305707264575956
chr20	33000000	10	0.320459158407696
chr20	34000000	10	0.337264113909848
chr20	35000000	9	0.353537556157191
chr20	36000000	9	0.350543763523374
chr20	37000000	7	0.297206479229866
chr20	38000000	7	0.28054137684466
chr20	39000000	7	0.184353688879517
chr20	40000000	6	0.200224271016213
chr20	41000000	7	0.248387773133214
chr20	42000000	7	0.198653016316222
chr20	43000000	8	0.2708144513166
chr20	44000000	8	0.299822295393295
chr20	45000000	8	0.291263317659646
chr20	46000000	9	0.261035791609336
chr20	47000000	9	0.307100837487427
chr20	48000000	9	0.296545451589109
chr20	49000000	8	0.338470382260038
chr20	50000000	6	0.343009820235955
chr20	51000000	6	0.328462324831735
chr20	52000000	5	0.282823045707743
chr20	53000000	6	0.321620230900747
chr20	54000000	5	0.251823030796918
chr20	55000000	8	0.226166132857877
chr20	56000000	8	0.301246314588146
chr20	57000000	7	0.249524967629987
chr20	58000000	7	0.2788338642027
chr20	59000000	9	0.272783065114572
chr20	60000000	9	0.210152834081714
chr20	61000000	10	0.289136344357569
chr21	15000000	6	0.291270351627095
chr21	16000000	5	0.350734555818551
chr21	17000000	4	0.335240957738898
chr21	18000000	5	0.248826352374591
chr21	19000000	5	0.281160449449267
chr21	20000000	4	0.247631147889093
chr21	21000000	5	0.240395603174559
chr21	22000000	5	0.260099140573314
chr21	23000000	6	0.292115066848402
chr21	24000000	6	0.320405289404901
chr21	25000000	6	0.357530066826725
chr21	26000000	5	0.348010796152157
chr21	27000000	4	0.3269258160005
chr21	28000000	5	0.300121498915989
chr21	29000000	6	0.30354580866417
chr21	30000000	5	0.263273395602565
chr21	31000000	6	0.344971614486484
chr21	32000000	7	0.366405831931955
chr21	33000000	7	0.419278643354834
chr21	34000000	7	0.328839109471649
chr21	35000000	7	0.289370981127913
chr21	36000000	7	0.403541802585716
chr21	37000000	7	0.36354748786588
chr21	38000000	7	0.264774954030544
chr21	39000000	7	0.345440457726163
chr21	40000000	6	0.261552094701245
chr21	41000000	8	0.327019009087669
chr21	42000000	9	0.396034305976963
chr21	43000000	9	0.377426182982564
chr21	44000000	10	0.364973535161573
chr21	45000000	10	0.376012198947818
chr21	46000000	10	0.398423393766577
chrX	1000000	7	0.300457301794498
chrX	2000000	5	0.285607459327939
chrX	3000000	4	0.232025616114452
chrX	4000000	4	0.181830136377241
chrX	5000000	4	0.194021703038727
chrX	6000000	4	0.207591997015672
chrX	7000000	3	0.244352322536754
chrX	8000000	4	0.199538683455657
chrX	9000000	4	0.249961380797754
chrX	10000000	3	0.23998318013472
chrX	11000000	2	0.231345939051314
chrX	12000000	3	0.235082865427577
chrX	13000000	3	0.280432658191242
chrX	14000000	3	0.25415038775051
chrX	15000000	3	0.283892518365168
chrX	16000000	4	0.324335155529147
chrX	17000000	4	0.249285386606854
chrX	18000000	5	0.309286023752177
chrX	19000000	4	0.312804128448401
chrX	20000000	3	0.261822676348848
chrX	21000000	2	0.261213349564675
chrX	22000000	3	0.251587963721014
chrX	23000000	2	0.330702444572931
chrX	24000000	3	0.322258948872457
chrX	25000000	2	0.264055120390526
chrX	26000000	4	0.224362219529055
chrX	27000000	2	0.236511627310181
chrX	28000000	2	0.251214875052314
chrX	29000000	2	0.306655306130415
chrX	30000000	3	0.273454659032084
chrX	31000000	2	0.24352422148585
chrX	32000000	3	0.227257644406657
chrX	33000000	4	0.209969311706592
chrX	34000000	3	0.199852220692007
chrX	35000000	4	0.223984595989764
chrX	36000000	3	0.223629879642198
chrX	37000000	2	0.22321518218142
chrX	38000000	4	0.24662610189261
chrX	39000000	6	0.228367802912021
chrX	40000000	6	0.311736733798585
chrX	41000000	5	0.33204274370972
chrX	42000000	5	0.241498253366256
chrX	43000000	5	0.257255483072329
chrX	44000000	5	0.321573221795242
chrX	45000000	6	0.25998237768133
chrX	46000000	6	0.322253042434414
chrX	47000000	7	0.317364971039867
chrX	48000000	7	0.299608822231068
chrX	49000000	6	0.281964574132117
chrX	50000000	4	0.237991419377048
chrX	51000000	5	0.232574434365351
chrX	52000000	5	0.208826608192276
chrX	53000000	6	0.295549926104785
chrX	54000000	4	0.328954079177682
chrX	55000000	4	0.234034337266617
chrX	56000000	5	0.278894594796648
chrX	64000000	4	0.194069951269017
chrX	65000000	5	0.212783754280661
chrX	66000000	4	0.185816611233533
chrX	67000000	4	0.216705611016376
chrX	68000000	6	0.23936578388504
chrX	69000000	6	0.241334552066084
chrX	70000000	7	0.289968386383495
chrX	71000000	5	0.320153583330224
chrX	72000000	4	0.299858027678462
chrX	73000000	4	0.227585016318219
chrX	74000000	4	0.239273098132951
chrX	75000000	3	0.197628137095554
chrX	76000000	4	0.183427376041988
chrX	77000000	4	0.265872447530048
chrX	78000000	2	0.224110737838363
chrX	79000000	3	0.232983701517738
chrX	80000000	3	0.220320424602309
chrX	81000000	3	0.213121660339152
chrX	82000000	3	0.212515617952822
chrX	83000000	2	0.224078354104119
chrX	84000000	2	0.23323670837516
chrX	85000000	2	0.255214016937261
chrX	86000000	3	0.287612207928995
chrX	94000000	3	0.211202187634277
chrX	95000000	2	0.211108993058103
chrX	96000000	2	0.257635152483977
chrX	97000000	3	0.272804533939148
chrX	98000000	3	0.234522897121223
chrX	99000000	2	0.21753175712355
chrX	100000000	4	0.269715267070322
chrX	101000000	3	0.294153992011066
chrX	102000000	3	0.214068370599733
chrX	103000000	4	0.248322422322593
chrX	104000000	3	0.231897119604986
chrX	105000000	3	0.212404811584425
chrX	106000000	3	0.216436986366434
chrX	107000000	3	0.258304908472145
chrX	108000000	3	0.236151335426662
chrX	109000000	3	0.257721632516545
chrX	110000000	3	0.252688015717956
chrX	111000000	3	0.260277114150224
chrX	112000000	3	0.246069936056574
chrX	113000000	2	0.272215557713147
chrX	114000000	3	0.290143314322916
chrX	115000000	3	0.280637190909771
chrX	116000000	3	0.218777298965203
chrX	117000000	4	0.246706848509763
chrX	118000000	5	0.331429985890912
chrX	119000000	3	0.365837753618052
chrX	120000000	2	0.256103202546879
chrX	121000000	3	0.237342596648428
chrX	122000000	2	0.223367973112287
chrX	123000000	2	0.306620362655039
chrX	124000000	2	0.248126127127635
chrX	125000000	3	0.209707838322724
chrX	126000000	3	0.206430140898437
chrX	127000000	3	0.208679531082302
chrX	128000000	3	0.231468215315947
chrX	129000000	4	0.281330074657315
chrX	130000000	3	0.296669857746398
chrX	131000000	4	0.258090073224425
chrX	132000000	4	0.279813306321968
chrX	133000000	5	0.338298041666194
chrX	134000000	5	0.363475275187367
chrX	135000000	4	0.291102872265821
chrX	136000000	2	0.331006246901174
chrX	137000000	2	0.281148440549859
chrX	138000000	2	0.246273785231101
chrX	139000000	2	0.279058379127994
chrX	140000000	2	0.243160848270345
chrX	141000000	2	0.236232624507597
chrX	142000000	3	0.253792834283655
chrX	143000000	3	0.215745637017638
chrX	144000000	2	0.217342026390522
chrX	145000000	2	0.219892362137135
chrX	146000000	2	0.235680101588918
chrX	147000000	2	0.257451523095803
chrX	148000000	2	0.255178083622903
chrX	149000000	3	0.27184256185637
chrX	150000000	2	0.290250803907162
chrX	151000000	3	0.275714089822321
chrX	152000000	6	0.30771004114007
chrX	153000000	7	0.349997481119349
