cond	sd
6 h	0.180964068342583
6 h	0.179135874043981
6 h	0.205757047204232
6 h	0.156429069592717
6 h	0.207668679882793
6 h	0.244235632056778
6 h	0.186706890285092
6 h	0.19281462982983
6 h	0.219805133374082
6 h	0.139310143585967
6 h	0.162957140067759
6 h	0.20787582846748
6 h	0.137114282047329
6 h	0.159616806228865
6 h	0.167082232807296
6 h	0.276903068117626
6 h	0.161428521816734
6 h	0.223966566675032
6 h	0.158494559056548
6 h	0.239938484924263
6 h	0.239455788100095
6 h	0.187042098623983
6 h	0.203926298209518
6 h	0.201675226294961
6 h	0.14124115837301
6 h	0.213855076723271
6 h	0.206110996781607
6 h	0.156091714618975
6 h	0.173897402809682
6 h	0.184742955660282
6 h	0.195502614985166
6 h	0.134971886249511
6 h	0.170349756050854
6 h	0.197916497547153
6 h	0.194815630391938
6 h	0.18471616434556
6 h	0.238166026587101
6 h	0.216906138205409
6 h	0.167336766513941
6 h	0.194305147370164
6 h	0.209501192071015
6 h	0.17273570013949
6 h	0.21345597280493
6 h	0.195630935431348
6 h	0.224357214830229
6 h	0.216481811995567
6 h	0.130810526183876
6 h	0.158665029742459
6 h	0.209922319046604
6 h	0.192659531913357
6 h	0.165197772142648
6 h	0.128898224917907
6 h	0.180766181806166
6 h	0.195348585828159
6 h	0.217487429364692
6 h	0.163492891804428
6 h	0.144248226319063
6 h	0.171766288427357
6 h	0.139812106988759
6 h	0.173971850581572
6 h	0.16381528700493
6 h	0.136394711082493
6 h	0.207542845952872
6 h	0.183955584810249
6 h	0.236389843912173
6 h	0.23939197065688
6 h	0.210774538887714
6 h	0.136306375693457
6 h	0.158695181232248
6 h	0.15913768762671
6 h	0.112553283257214
6 h	0.162597342338589
6 h	0.152741174654785
6 h	0.191194280396411
6 h	0.221804764257862
6 h	0.130346502779973
6 h	0.167546887192909
6 h	0.131042738838774
6 h	0.12229609501943
6 h	0.12383383711046
6 h	0.192386987515923
6 h	0.246006727593187
6 h	0.0631538903527487
6 h	0.149487147139716
6 h	0.225420297159151
6 h	0.229411562931603
6 h	0.186238603213392
6 h	0.174308044688205
6 h	0.127636607492638
6 h	0.188527138109714
6 h	0.231419346443884
6 h	0.123629511323956
6 h	0.234225861418613
6 h	0.155949081218067
6 h	0.171925867286449
6 h	0.20866247490961
6 h	0.141799584759535
6 h	0.140767138807684
6 h	0.171373293211974
6 h	0.190533432496959
6 h	0.150302404066439
6 h	0.200996617572451
6 h	0.169128687747791
6 h	0.220029806589575
6 h	0.201897323999416
6 h	0.120205830988105
6 h	0.182516567979144
6 h	0.163249966799415
6 h	0.158253186480321
6 h	0.126033797353176
6 h	0.0754745036213189
6 h	0.124457552593405
6 h	0.225922183999337
6 h	0.0934546150755228
6 h	0.197319515232522
6 h	0.183915338053412
6 h	0.184403576585699
6 h	0.168135068481639
6 h	0.213018470067262
6 h	0.229418989259164
6 h	0.236609125086116
6 h	0.177628484847948
6 h	0.197192376687253
6 h	0.184883884091284
6 h	0.186942099121629
6 h	0.188660170791992
6 h	0.088789360282899
6 h	0.14191624822997
6 h	0.215368121863571
6 h	0.236330096406372
6 h	0.143935575670188
6 h	0.241064978264167
6 h	0.190026773795216
6 h	0.243088113080114
6 h	0.258556609130641
6 h	0.226315065394701
6 h	0.19494049482077
6 h	0.23250976415411
6 h	0.259752752396935
6 h	0.22403159254627
6 h	0.237883965742997
6 h	0.237371205298285
6 h	0.167888167912803
6 h	0.133773731517502
6 h	0.185845222093829
6 h	0.213678641885578
6 h	0.194196206570131
6 h	0.189797525461459
6 h	0.242933976098615
6 h	0.22254978227515
6 h	0.191069347722191
6 h	0.187899911338989
6 h	0.194753576591526
6 h	0.168238528670401
6 h	0.203455710083939
6 h	0.191962528175481
6 h	0.262686610603366
6 h	0.209700980414787
6 h	0.206492269244961
6 h	0.169050150800231
6 h	0.28530510146001
6 h	0.239680180117081
6 h	0.179568596405162
6 h	0.20881088116231
6 h	0.132404188769225
6 h	0.178534709201577
6 h	0.196401099713407
6 h	0.1974961820075
6 h	0.101993645227096
6 h	0.186997606326966
6 h	0.106688368676027
6 h	0.198512559052865
6 h	0.174356914281829
6 h	0.225803777062412
6 h	0.185120031603701
6 h	0.226492261454574
6 h	0.172397058558793
6 h	0.21338807373813
6 h	0.182664098479984
6 h	0.217680583922401
6 h	0.219325723869239
6 h	0.198848605989314
6 h	0.188892193813224
6 h	0.232005884512246
6 h	0.228486871068521
6 h	0.219208952456275
6 h	0.220801007073104
6 h	0.224248992058209
6 h	0.0978618032611524
6 h	0.189379576226589
6 h	0.158396546470969
6 h	0.168791240772079
6 h	0.206088130608008
6 h	0.168309723431736
6 h	0.156422293005867
6 h	0.134870259463918
6 h	0.234128899895803
6 h	0.199691153410248
6 h	0.181758267569676
6 h	0.212639075228084
6 h	0.181975832805472
6 h	0.175668171035879
6 h	0.138511898981837
6 h	0.184366731381385
6 h	0.0828051897950229
6 h	0.173441023270548
6 h	0.128432041744108
6 h	0.118802548156911
6 h	0.13080753094893
6 h	0.289481121808517
6 h	0.193084528504919
6 h	0.0647077566397423
6 h	0.178063251706384
6 h	0.189181257184184
6 h	0.160300471263875
6 h	0.237495985975622
6 h	0.180085116591955
6 h	0.225767699380707
6 h	0.235287619980343
6 h	0.178894922553175
6 h	0.18729540388684
6 h	0.170453421613497
6 h	0.155408465163274
6 h	0.234183011598327
6 h	0.15191694446475
6 h	0.157289216314196
6 h	0.230696534592608
6 h	0.219352394714427
6 h	0.189083300693156
6 h	0.233351269153721
6 h	0.224553607770948
6 h	0.133110361865098
6 h	0.194278179972067
6 h	0.186701191107309
6 h	0.188978981891565
6 h	0.201981854434284
6 h	0.230492356428686
6 h	0.177036877517645
6 h	0.203186489158368
6 h	0.226607460698318
6 h	0.221768042340545
6 h	0.16787926394705
6 h	0.197808145692455
6 h	0.134142681885672
6 h	0.163903435811013
6 h	0.135315710176386
6 h	0.20685155466408
6 h	0.193182604211085
6 h	0.11763167420415
6 h	0.223493271507139
6 h	0.196090578800112
6 h	0.203959749189515
6 h	0.18946588226609
6 h	0.244190998806655
6 h	0.0920529963746558
6 h	0.220062504409356
6 h	0.144805284350166
6 h	0.260454473568876
6 h	0.160419245564233
6 h	0.194986528059561
6 h	0.181950166390659
6 h	0.131297214237159
6 h	0.186637452902541
6 h	0.238052727705526
6 h	0.206219806304354
6 h	0.224756267283969
6 h	0.0957616861081372
6 h	0.139507034396873
6 h	0.158036575213834
6 h	0.216129216497058
6 h	0.227665642368886
6 h	0.228681344574234
6 h	0.178126396966372
6 h	0.193568643504937
6 h	0.16290896402101
6 h	0.212546971945104
6 h	0.108363988295225
6 h	0.109768876965248
6 h	0.161035772080979
6 h	0.173197830415199
6 h	0.158699781062622
6 h	0.210965708912494
6 h	0.229952028100184
6 h	0.157976604700156
6 h	0.148794199007182
6 h	0.234050941584828
6 h	0.1607293838223
6 h	0.231409345879868
6 h	0.204355479745341
6 h	0.274690435803935
6 h	0.18503316334283
6 h	0.214331565148244
6 h	0.235990716331459
6 h	0.195455311836994
6 h	0.180199768576064
6 h	0.23949937236582
6 h	0.135650630682604
6 h	0.23600819766638
6 h	0.222281451465668
6 h	0.225402247054178
6 h	0.286835199825279
6 h	0.220965067993457
6 h	0.202557186875419
6 h	0.125009052092601
6 h	0.156702712714865
6 h	0.196137536762804
6 h	0.218190956144098
6 h	0.258316399095971
6 h	0.221718228987315
6 h	0.223645928148448
6 h	0.202208419966688
6 h	0.291771366775905
6 h	0.255753786628185
6 h	0.2379740132381
6 h	0.104647492338802
6 h	0.142629360305399
6 h	0.206698350130476
6 h	0.257875644637218
6 h	0.208439844104502
6 h	0.173714515726103
6 h	0.117899716698287
6 h	0.161635561314538
6 h	0.104793753852008
6 h	0.138558237555572
6 h	0.172095785014551
6 h	0.172815554262594
6 h	0.132360833724034
6 h	0.226862482358094
6 h	0.199112796716999
6 h	0.18886780980872
6 h	0.204987037568843
6 h	0.20996854049243
6 h	0.172766223766025
6 h	0.18971978228487
6 h	0.215811704115391
6 h	0.182188855752635
6 h	0.126575160703984
6 h	0.149863831541155
6 h	0.195982941742271
6 h	0.2107253619428
6 h	0.186461347985751
6 h	0.237224641231177
6 h	0.257727392396848
6 h	0.160119530075927
6 h	0.253884384478726
6 h	0.221614576192552
6 h	0.190488921202799
6 h	0.224055344687892
6 h	0.19548723501507
6 h	0.123882666919759
6 h	0.142100354744014
6 h	0.173127115582607
6 h	0.19438878608629
6 h	0.187712245561071
6 h	0.22655234006716
6 h	0.204341005161186
6 h	0.236958978882822
6 h	0.275980842696541
6 h	0.129661605132155
6 h	0.172925043030374
6 h	0.1107659165014
6 h	0.2067911936601
6 h	0.173133590378478
6 h	0.125199293235463
6 h	0.1882960215919
6 h	0.165554990465401
6 h	0.192093318355417
6 h	0.155193117244394
6 h	0.247888070770984
6 h	0.209883363598647
6 h	0.224360937676996
6 h	0.258176249403061
6 h	0.186073407186622
6 h	0.196454323946602
6 h	0.159847440366414
6 h	0.199856564102286
6 h	0.18612486831322
6 h	0.169300258669348
6 h	0.167362885281606
6 h	0.187796455923739
6 h	0.214029178840055
6 h	0.291029005350968
6 h	0.198999256233817
6 h	0.204859944540389
6 h	0.201444394429573
6 h	0.242529206319104
6 h	0.264112572218376
6 h	0.250659413321407
6 h	0.211660993409059
6 h	0.21355489026995
6 h	0.260407637814656
6 h	0.239200265940958
6 h	0.178547833843876
6 h	0.244781352336023
6 h	0.267267013472738
6 h	0.0916320616323973
6 h	0.243352007609461
6 h	0.162666845787581
6 h	0.199257916419995
6 h	0.222652284067537
6 h	0.281749944513997
6 h	0.13328518960245
6 h	0.198950865816137
6 h	0.148734510768064
6 h	0.183262316434595
6 h	0.192225868479479
6 h	0.258281886938581
6 h	0.272037058403062
6 h	0.21992372034694
6 h	0.23610802078143
6 h	0.206360796646115
6 h	0.219524005063118
6 h	0.231976197973965
6 h	0.218684236231367
6 h	0.199066357052753
6 h	0.180884287918707
6 h	0.25500565829385
6 h	0.151169249878636
6 h	0.227502454968034
6 h	0.215490795582451
6 h	0.204870190870672
6 h	0.166975945575357
6 h	0.175113968904881
6 h	0.257150443870187
6 h	0.153388168723062
6 h	0.216714734292109
6 h	0.162150686319423
6 h	0.216592739313588
6 h	0.168803416335809
6 h	0.223749042049457
6 h	0.1740707930901
6 h	0.269077030766023
6 h	0.203904119351067
6 h	0.185527883167637
6 h	0.173468343596876
6 h	0.224399186389352
6 h	0.206453831798598
6 h	0.282158728244078
6 h	0.207130034322385
6 h	0.198398021637096
6 h	0.195099926264904
6 h	0.0642907385792269
6 h	0.175312845744094
6 h	0.228040565327031
6 h	0.195399036012358
6 h	0.211733573344482
6 h	0.225066015903635
6 h	0.199674298801366
6 h	0.217464116331628
6 h	0.229212925320376
6 h	0.208947972959938
6 h	0.293073508444946
6 h	0.229238103801485
6 h	0.22561602564233
6 h	0.258815305079749
6 h	0.2504168885078
6 h	0.213511118751026
6 h	0.242373408949089
6 h	0.220604517520535
6 h	0.213131850551556
6 h	0.257390190337391
6 h	0.268279716804835
6 h	0.197846079580578
6 h	0.242664516784913
6 h	0.271214737277595
6 h	0.249810282856819
6 h	0.22425679853282
6 h	0.247182887714394
6 h	0.142774385617986
6 h	0.120514010164472
6 h	0.209415034068377
6 h	0.211357893148761
6 h	0.204544957797778
6 h	0.211221161110712
6 h	0.264443947433132
6 h	0.218411523308841
6 h	0.232768065200189
6 h	0.14333600645846
6 h	0.125404291221829
6 h	0.196053887070365
6 h	0.231117572052927
6 h	0.127337705283401
6 h	0.167319317368702
6 h	0.201243036938747
6 h	0.209768287788932
6 h	0.106337628807153
6 h	0.144075777338752
6 h	0.231517256620465
6 h	0.161073641066766
6 h	0.215134533833712
6 h	0.244618646984602
6 h	0.138919949463876
6 h	0.138987560462861
6 h	0.177777028104195
6 h	0.241469385465279
6 h	0.176024355887764
6 h	0.189917338026569
6 h	0.240072608863757
6 h	0.167432046553728
6 h	0.22535907392987
2 h	0.181076784201634
2 h	0.10866810659037
2 h	0.147276534790193
2 h	0.172627731039497
2 h	0.114006613049937
2 h	0.147106642833326
2 h	0.093439056017082
2 h	0.188086246458428
2 h	0.24150717291415
2 h	0.11533217975419
2 h	0.208034909631453
2 h	0.213983107953809
2 h	0.276237955734355
2 h	0.238125468105278
2 h	0.220686795237983
2 h	0.180642187713087
2 h	0.239195377190167
2 h	0.151471361672868
2 h	0.173400395310882
2 h	0.158416176744562
2 h	0.183027385333637
2 h	0.163576241380563
2 h	0.168672881944385
2 h	0.197220003823129
2 h	0.158831025885115
2 h	0.144614666629882
2 h	0.183359996297559
2 h	0.162430012047239
2 h	0.208098831683891
2 h	0.285243244614466
2 h	0.167663189682381
2 h	0.21960206572573
2 h	0.138791136406243
2 h	0.174028700056558
2 h	0.191218258944131
2 h	0.160606347201452
2 h	0.221335199703862
2 h	0.177374449159242
2 h	0.160678412790062
2 h	0.183053419098519
2 h	0.168657175173599
2 h	0.185317977609312
2 h	0.254492896006728
2 h	0.0700699736082764
2 h	0.0828120381193618
2 h	0.162112813386789
2 h	0.181519332327535
2 h	0.165724486309058
2 h	0.160851300765351
2 h	0.172332932387303
2 h	0.133775449343329
2 h	0.145002955249297
2 h	0.220990161567945
2 h	0.0841600292895789
2 h	0.227620039906715
2 h	0.188135464379605
2 h	0.151651139607193
2 h	0.13199000914403
2 h	0.123948956695628
2 h	0.187308149940414
2 h	0.199975332960724
2 h	0.130696391939458
2 h	0.229314425590068
2 h	0.189400413438042
2 h	0.098155841951294
2 h	0.110802338227452
2 h	0.178771150115722
2 h	0.228107287513482
2 h	0.15057526312719
2 h	0.209298791052199
2 h	0.126470667568749
2 h	0.0896645245462056
2 h	0.174967015333089
2 h	0.170121818662783
2 h	0.227183692884171
2 h	0.242443003841761
2 h	0.198902085814921
2 h	0.237488520293284
2 h	0.180287821444846
2 h	0.14518547075387
2 h	0.169019311661543
2 h	0.165043355060164
2 h	0.151339933986312
2 h	0.126317565247761
2 h	0.140174401696591
2 h	0.184443712557738
2 h	0.18314554904852
2 h	0.235079956224025
2 h	0.191358472772928
2 h	0.203826920063591
2 h	0.169325949671843
2 h	0.207408883597088
2 h	0.100047063089062
2 h	0.0773564618830368
2 h	0.0414485105259629
2 h	0.229317007271401
2 h	0.114672468266261
2 h	0.0684379586314761
2 h	0.13971945425907
2 h	0.0831449995194259
2 h	0.196050344256164
2 h	0.266841087703228
2 h	0.214885928938482
2 h	0.162989206150111
2 h	0.176392227413377
2 h	0.185274327458967
2 h	0.158500659974442
2 h	0.215033739326997
2 h	0.178464141726315
2 h	0.216610573385056
2 h	0.141625945626807
2 h	0.196377444374411
2 h	0.15903216967566
2 h	0.107316369488824
2 h	0.148509136266802
2 h	0.17349093477752
2 h	0.112773490302017
2 h	0.215309410065941
2 h	0.164470460772447
2 h	0.208402891081327
2 h	0.211718522300207
2 h	0.231899330486904
2 h	0.162487405199512
2 h	0.164668590493211
2 h	0.157020891340283
2 h	0.15902539498356
2 h	0.185448186374484
2 h	0.293163749700652
2 h	0.185454053070665
2 h	0.173310793044795
2 h	0.195443129285475
2 h	0.106518826518366
2 h	0.143023622339543
2 h	0.209507446867915
2 h	0.128631802230839
2 h	0.127601869089142
2 h	0.0867306804461794
2 h	0.139841943237811
2 h	0.157664179224576
2 h	0.183637111034754
2 h	0.121584465492241
2 h	0.133899646822376
2 h	0.227470753673332
2 h	0.135041219071519
2 h	0.181724631063534
2 h	0.132476576583762
2 h	0.193581949334115
2 h	0.188814098577886
2 h	0.177836681474819
2 h	0.0983868468540482
2 h	0.165029756015354
2 h	0.185539835475817
2 h	0.190143648657421
2 h	0.199005450211705
2 h	0.248886774668467
2 h	0.1976155457402
2 h	0.194294567357147
2 h	0.248971470336577
2 h	0.161192695593246
2 h	0.222024670228623
2 h	0.208498269186743
2 h	0.232818845249955
2 h	0.23331303909253
2 h	0.232934361545706
2 h	0.157770439517156
2 h	0.143576673095999
2 h	0.241253375821697
2 h	0.236328879942378
2 h	0.186727542375499
2 h	0.271152716209786
2 h	0.222680612134819
2 h	0.181764654307095
2 h	0.263814735997382
2 h	0.232208379376676
2 h	0.184066834427591
2 h	0.167429042489518
2 h	0.152305215570208
2 h	0.223327743741461
2 h	0.200409802845419
2 h	0.178945090957174
2 h	0.254990609049885
2 h	0.14932568369769
2 h	0.203614783993564
2 h	0.120201862449125
2 h	0.163762902959451
2 h	0.0559644549037758
2 h	0.154774782964188
2 h	0.214115897379814
2 h	0.245674278419812
2 h	0.230921178304221
2 h	0.13627346359731
2 h	0.268522935620063
2 h	0.259850040525805
2 h	0.256571393760663
2 h	0.147230519284623
2 h	0.217489393718875
2 h	0.195847726037314
2 h	0.235691865158327
2 h	0.149600012823321
2 h	0.147277809976175
2 h	0.111058819744242
2 h	0.183509913987524
2 h	0.178839635152456
2 h	0.218197886407537
2 h	0.240495861481438
2 h	0.140682966027138
2 h	0.191259012113045
2 h	0.124324660512558
2 h	0.251924059119151
2 h	0.209066076551477
2 h	0.167118539281647
2 h	0.221212290855542
2 h	0.261868907651706
2 h	0.184350067967257
2 h	0.146643158876539
2 h	0.199404246843321
2 h	0.203315038751264
2 h	0.14534490249916
2 h	0.198156006450625
2 h	0.167757508522359
2 h	0.16575419352861
2 h	0.162654226957023
2 h	0.214894759899714
2 h	0.123802722945363
2 h	0.157755452185609
2 h	0.210596794655248
2 h	0.241431572929386
2 h	0.261772338155302
2 h	0.227253474656623
2 h	0.180125897061758
2 h	0.199209059324619
2 h	0.201680907112851
2 h	0.229286841947082
2 h	0.228928483080821
2 h	0.237267615741526
2 h	0.233059742892296
2 h	0.140236751901789
2 h	0.17828073799043
2 h	0.114485390172101
2 h	0.273139296952719
2 h	0.126025759234138
2 h	0.232237183519538
2 h	0.115024898668805
2 h	0.263419263261999
2 h	0.238663845148519
2 h	0.172359952359024
2 h	0.259526271107648
2 h	0.152431909655386
2 h	0.22606737700995
2 h	0.228423683693804
2 h	0.186892315907918
2 h	0.248667011619701
2 h	0.247340122431815
2 h	0.24828792043617
2 h	0.267287161486398
2 h	0.151329464066716
2 h	0.246086055684896
2 h	0.189232048102155
2 h	0.219516624167638
2 h	0.243873253699356
2 h	0.262949558924743
2 h	0.160285664657945
2 h	0.198334071683086
2 h	0.215851116827717
2 h	0.27261445425512
2 h	0.249317775688484
2 h	0.228254944545165
2 h	0.21289737806777
2 h	0.26085937529283
2 h	0.143887966929417
2 h	0.18424600206704
2 h	0.191272394886792
2 h	0.184298906649401
2 h	0.235710943128464
2 h	0.205579493353395
2 h	0.204845328989581
2 h	0.221231589827134
2 h	0.249077633817192
2 h	0.174526643334305
2 h	0.259332269640573
2 h	0.158767116810188
2 h	0.231491265337149
2 h	0.180578450036822
2 h	0.120061383748379
2 h	0.175919652626909
2 h	0.147954057860521
2 h	0.198351602535585
2 h	0.161121492288076
2 h	0.169469347960154
2 h	0.17356414323547
2 h	0.14673036878332
2 h	0.221357576848715
2 h	0.212815169897005
2 h	0.221762053395753
2 h	0.232431639190303
2 h	0.19206824265366
2 h	0.221757484981
2 h	0.186711031424841
2 h	0.256025865855538
2 h	0.180324755473497
2 h	0.205917180966012
2 h	0.210340413188646
2 h	0.157131761810867
2 h	0.179687974431713
2 h	0.187975521752882
2 h	0.157981943938036
2 h	0.239697576093505
2 h	0.219303739164133
2 h	0.203377821666999
2 h	0.184474663135152
2 h	0.263782376242462
2 h	0.124208135006447
2 h	0.128797293333021
2 h	0.31221623936266
2 h	0.166426741696055
2 h	0.155199376769199
2 h	0.217353795668318
2 h	0.187740251552842
2 h	0.254594160436163
2 h	0.143188260077381
2 h	0.157389614865815
2 h	0.159705918892808
2 h	0.213034167432453
2 h	0.132747560101408
2 h	0.199394048736001
2 h	0.207386119128868
2 h	0.176039833381768
2 h	0.175077873928347
2 h	0.171290765277777
2 h	0.168905109672335
2 h	0.192443518151842
2 h	0.0671899421724743
2 h	0.152803412787612
2 h	0.234746541224908
2 h	0.14886287694481
2 h	0.280099609683635
2 h	0.149098489277593
2 h	0.133675251197883
2 h	0.195021541508846
2 h	0.124784002492738
2 h	0.1212886064786
2 h	0.192951652058352
2 h	0.161278032364742
2 h	0.122574864718998
2 h	0.131581708383453
2 h	0.181513659432185
2 h	0.10557172558603
2 h	0.0997838369547258
2 h	0.131008799069194
2 h	0.187456280202157
2 h	0.17718410617428
2 h	0.244794634741082
2 h	0.154064344148618
2 h	0.234863482170287
2 h	0.229722967485461
2 h	0.142516877068045
2 h	0.262168478931836
2 h	0.177191310117068
2 h	0.177989394573567
2 h	0.157489478729107
2 h	0.121826204192322
2 h	0.141018776261977
2 h	0.149562294106428
2 h	0.233497108174602
2 h	0.18353399571997
2 h	0.224129404598254
2 h	0.212943493184542
2 h	0.121472414318656
2 h	0.199046742218587
2 h	0.108041965846656
2 h	0.110779884694402
2 h	0.166005090592806
2 h	0.239485246596467
2 h	0.106947497030255
2 h	0.122755047132605
2 h	0.249682306713298
2 h	0.155434970723099
2 h	0.140087065218282
2 h	0.15415073742686
2 h	0.192451963451917
2 h	0.202451296132484
2 h	0.168073793082381
2 h	0.197852828532979
2 h	0.16201363760381
2 h	0.127050316915481
2 h	0.200833785839669
2 h	0.112301724818531
2 h	0.139425739161274
2 h	0.136732564696913
2 h	0.107863867584437
2 h	0.155736232222192
2 h	0.18955756214426
2 h	0.261890302063813
2 h	0.233594923952947
2 h	0.0901825698477909
2 h	0.192914407703783
2 h	0.22473470358458
2 h	0.174109164545398
2 h	0.161781683034445
2 h	0.162309560556813
2 h	0.196966763076237
2 h	0.126424337792783
2 h	0.202017780365848
2 h	0.146342416133512
2 h	0.201560945366574
2 h	0.213464232941868
2 h	0.268037185198519
2 h	0.158838165911828
2 h	0.178677739878361
2 h	0.220980749347248
2 h	0.156249837230058
2 h	0.176484286245564
2 h	0.137591826487317
2 h	0.122681836354505
2 h	0.14127388886006
2 h	0.14014507385566
2 h	0.227006713566241
2 h	0.15954030411676
2 h	0.26525233919445
2 h	0.172912781508093
2 h	0.229597584564967
2 h	0.228244794103753
2 h	0.198837164339759
2 h	0.18733947287617
2 h	0.267335169111061
2 h	0.262212840168508
2 h	0.155744687685218
2 h	0.202532820758606
2 h	0.198832127299561
2 h	0.276230831974805
2 h	0.188063274514663
2 h	0.182476611466195
2 h	0.17102181183676
2 h	0.221300489215732
2 h	0.115474252838253
2 h	0.155084313457121
2 h	0.162595959322095
2 h	0.115270889580916
2 h	0.220545261898195
2 h	0.255913282128501
2 h	0.241437876112587
2 h	0.176909495465337
2 h	0.218244715426353
2 h	0.227732434500546
2 h	0.196357319495905
2 h	0.212786415068346
2 h	0.198068758009219
2 h	0.157960142564059
2 h	0.117067651033343
2 h	0.247239506769087
2 h	0.183446557088357
2 h	0.177385625999459
2 h	0.195483523588141
2 h	0.121953388975524
2 h	0.120753606385102
2 h	0.147441534931773
2 h	0.156436122600286
2 h	0.135497858055014
2 h	0.134938142461093
2 h	0.177429003268503
2 h	0.253348655331405
2 h	0.0775889896000644
2 h	0.178469745090724
2 h	0.132289416164492
2 h	0.234762160017645
2 h	0.274483931475052
2 h	0.110241834868602
2 h	0.145639266889748
2 h	0.224295106873756
2 h	0.2203058693528
2 h	0.108051615467691
2 h	0.0870766150280824
2 h	0.0803618686340949
2 h	0.167803609203457
2 h	0.249562435934068
2 h	0.0615190395218306
2 h	0.139981812959727
2 h	0.183285441337263
2 h	0.128271916239753
2 h	0.199390687498519
2 h	0.226261295297293
2 h	0.271317339757067
2 h	0.216124312108192
2 h	0.152888433839498
2 h	0.174401178011817
2 h	0.135835913347192
2 h	0.201368806710134
2 h	0.160930421045924
2 h	0.152742150399406
2 h	0.229887876163327
2 h	0.166648118991831
2 h	0.187756032182571
2 h	0.144696621020623
2 h	0.166898566681913
2 h	0.156133136540415
2 h	0.203583989315976
2 h	0.105178858559467
2 h	0.126011288467169
2 h	0.166526644993722
2 h	0.215437944678207
1 h	0.18842115992494
1 h	0.23583557034769
1 h	0.196444588606678
1 h	0.205811789487688
1 h	0.113751214505229
1 h	0.236265333057246
1 h	0.161223497554174
1 h	0.208090588187146
1 h	0.214019248638914
1 h	0.121698646485963
1 h	0.238184297545522
1 h	0.201454833469232
1 h	0.198637647611037
1 h	0.162756108374865
1 h	0.252348433395349
1 h	0.221136768917969
1 h	0.250967482910236
1 h	0.269821586185917
1 h	0.220963991574387
1 h	0.219774508871956
1 h	0.106404936480219
1 h	0.204658825326086
1 h	0.239426413766089
1 h	0.236871912413833
1 h	0.202072337821537
1 h	0.184823885633952
1 h	0.216837020505783
1 h	0.236817681838918
1 h	0.239274143426984
1 h	0.0993239395178353
1 h	0.265947339522937
1 h	0.251214073105111
1 h	0.21578361325991
1 h	0.213987131117683
1 h	0.0674960385244666
1 h	0.13734933540699
1 h	0.19492280150875
1 h	0.151280880957437
1 h	0.125730824721164
1 h	0.108149004668519
1 h	0.185581433381693
1 h	0.12990915078626
1 h	0.113630449657823
1 h	0.21495987029511
1 h	0.247292123988237
1 h	0.102431826920271
1 h	0.204083739158356
1 h	0.181247938871792
1 h	0.216411587762001
1 h	0.191192459906706
1 h	0.20070855981766
1 h	0.22798975042723
1 h	0.223374561722803
1 h	0.14034791579807
1 h	0.213626757560057
1 h	0.191851312960663
1 h	0.192179048832372
1 h	0.120701124902257
1 h	0.0994827390172377
1 h	0.12015698091924
1 h	0.244496260882744
1 h	0.22371820317727
1 h	0.229320235247171
1 h	0.220097243191625
1 h	0.286283397749989
1 h	0.248664537273468
1 h	0.276143153481332
1 h	0.272788358502628
1 h	0.234319544252163
1 h	0.166134721050791
1 h	0.212254277629876
1 h	0.13751530720239
1 h	0.183692476489873
1 h	0.233769489401593
1 h	0.245270807342303
1 h	0.221003427385925
1 h	0.209487036366221
1 h	0.258534728599815
1 h	0.235793161120158
1 h	0.199958576512918
1 h	0.217550749654413
1 h	0.193356634758275
1 h	0.22135398025932
1 h	0.267236192057409
1 h	0.139983583941358
1 h	0.0997460683922836
1 h	0.138607632833665
1 h	0.159190670074547
1 h	0.179769187990378
1 h	0.161000047700619
1 h	0.156016506403017
1 h	0.144188356381387
1 h	0.131857190127133
1 h	0.199563387761638
1 h	0.149961914217249
1 h	0.136121519366048
1 h	0.192598653930895
1 h	0.258746208399033
1 h	0.2418595848464
1 h	0.144729830454404
1 h	0.182423742684434
1 h	0.239639485801496
1 h	0.189900681606666
1 h	0.143147076882615
1 h	0.153946604217327
1 h	0.192337495098814
1 h	0.258941700054749
1 h	0.202050569242886
1 h	0.185221803367855
1 h	0.117564608562022
1 h	0.110284763405002
1 h	0.223651497747244
1 h	0.271424983179067
1 h	0.237667302506428
1 h	0.093694205663944
1 h	0.187583299315058
1 h	0.186386884145316
1 h	0.205514722243285
1 h	0.199032805424717
1 h	0.183968999779542
1 h	0.162956270988546
1 h	0.125235765768085
1 h	0.238038570374949
1 h	0.189362336857504
1 h	0.247803094671633
1 h	0.230464507639963
1 h	0.248097806869475
1 h	0.096036055728679
1 h	0.262123612022175
1 h	0.126669502316079
1 h	0.109165239749203
1 h	0.140804940887663
1 h	0.220618584170114
1 h	0.208283153103192
1 h	0.171371046942888
1 h	0.154296884971206
1 h	0.23886967638039
1 h	0.223492828786272
1 h	0.147504843964699
1 h	0.241863166927127
1 h	0.207883690610979
1 h	0.196120709089341
1 h	0.144767115764727
1 h	0.217065356485878
1 h	0.146565892700426
1 h	0.229779490334746
1 h	0.168159757726843
1 h	0.16251610598825
1 h	0.13743500052801
1 h	0.156645986722299
1 h	0.211177065094467
1 h	0.153094983790793
1 h	0.222759668502145
1 h	0.175144215021455
1 h	0.210719247439558
1 h	0.161275280873005
1 h	0.283555569732996
1 h	0.195084189956728
1 h	0.180721326853151
1 h	0.207572583073625
1 h	0.168441095572981
1 h	0.164810213425639
1 h	0.227914848902444
1 h	0.0942877202494963
1 h	0.231076749144555
1 h	0.216152795420847
1 h	0.14252837333214
1 h	0.178208372228313
1 h	0.155466615584814
1 h	0.138402869353025
1 h	0.147574763027116
1 h	0.176101602521089
1 h	0.107278832021639
1 h	0.107250468791233
1 h	0.20971506347228
1 h	0.186342046287745
1 h	0.258492662582355
1 h	0.197964588725759
1 h	0.195692977106913
1 h	0.170069012363324
1 h	0.265964571000948
1 h	0.173866330869753
1 h	0.211366005380479
1 h	0.270379191278807
1 h	0.207598025098782
1 h	0.126048977065653
1 h	0.199064062083364
1 h	0.266217789562686
1 h	0.212012195643746
1 h	0.233955061977539
1 h	0.105828460854277
1 h	0.155908810402835
1 h	0.221788538319558
1 h	0.240024771372602
1 h	0.21079512377059
1 h	0.230919625221212
1 h	0.233999353981019
1 h	0.206211190858203
1 h	0.236285179824303
1 h	0.267117560606985
1 h	0.277804346371739
1 h	0.124040467238613
1 h	0.212928476453245
1 h	0.209446335748047
1 h	0.125824673661236
1 h	0.129332204808159
1 h	0.24728277975981
1 h	0.199830045408184
1 h	0.219334604046031
1 h	0.0350803658425164
1 h	0.179895306600846
1 h	0.176703555881626
1 h	0.127115912355149
1 h	0.242533367755044
1 h	0.240167181210618
1 h	0.120234294604703
1 h	0.155756106346707
1 h	0.265812172155252
1 h	0.18484612683726
1 h	0.270200538662318
1 h	0.138470119341885
1 h	0.178670804160751
1 h	0.241930591538309
1 h	0.244994885729738
1 h	0.234618371584325
1 h	0.250459176733632
1 h	0.209257741470969
1 h	0.226240344847047
1 h	0.144426161716121
1 h	0.136275959506975
1 h	0.232333284691679
1 h	0.183990661437257
1 h	0.238223696039286
1 h	0.221423885475307
1 h	0.252407242241768
1 h	0.249941867618931
1 h	0.114327826386154
1 h	0.218581268852751
1 h	0.228753381940626
1 h	0.0870525104299677
1 h	0.109951513424413
1 h	0.123535143820189
1 h	0.215703622016913
1 h	0.10916468656271
1 h	0.168612664760656
1 h	0.116759578727453
1 h	0.111468582843302
1 h	0.159405637385723
1 h	0.187311871360615
1 h	0.119882311315958
1 h	0.264911292025103
1 h	0.0928510235393709
1 h	0.133417375481686
1 h	0.189803437544902
1 h	0.251749762578838
1 h	0.163144274008463
1 h	0.222945316146689
1 h	0.21496220322956
1 h	0.208408406104383
1 h	0.212707362191167
1 h	0.239503069690569
1 h	0.226760943446707
1 h	0.21431049443769
1 h	0.13159925174594
1 h	0.221843895606534
1 h	0.228143218032918
1 h	0.186498166935689
1 h	0.21829287552705
1 h	0.226686499113415
1 h	0.268326535629565
1 h	0.129407271411843
1 h	0.231222001132613
1 h	0.160819491835095
1 h	0.185428160740066
1 h	0.15461437651633
1 h	0.205614710083677
1 h	0.203674857586962
1 h	0.182761150048158
1 h	0.0906150291747795
1 h	0.210596416963211
1 h	0.206953812170979
1 h	0.189495291477608
1 h	0.210350961828063
1 h	0.0779215137660496
1 h	0.121383189647052
1 h	0.128462964788023
1 h	0.132105323729979
1 h	0.154727027847719
1 h	0.186843888209771
1 h	0.149343860652239
1 h	0.146231875276675
1 h	0.197436195925069
1 h	0.100469134369952
1 h	0.116807328652233
1 h	0.213363993174852
1 h	0.227025081438844
1 h	0.250799518053943
1 h	0.266881847585019
1 h	0.119670356531988
1 h	0.24281711371135
1 h	0.261338646907314
1 h	0.228919573227485
1 h	0.188125632128184
1 h	0.163872264268235
1 h	0.211880892409586
1 h	0.126903220821613
1 h	0.253194014141869
1 h	0.277431039963773
1 h	0.292841455715546
1 h	0.175584057530549
1 h	0.275775407260976
1 h	0.199123937137647
1 h	0.2628081054197
1 h	0.207087448951544
1 h	0.215602433417301
1 h	0.195048509822356
1 h	0.226456074618146
1 h	0.243030095782432
1 h	0.205231333392905
1 h	0.22498065988087
1 h	0.202709242048516
1 h	0.194071435166639
1 h	0.187961814153612
1 h	0.219727829384434
1 h	0.187704419827632
1 h	0.266168282889092
1 h	0.172427481306769
1 h	0.160914516938322
1 h	0.162136974783989
1 h	0.160553856389232
1 h	0.236196818796371
1 h	0.173217536191101
1 h	0.121016573348997
1 h	0.197282310062957
1 h	0.182664068296086
1 h	0.235215136221576
1 h	0.180305699317963
1 h	0.201351283561085
1 h	0.170756867001068
1 h	0.0726070730367971
1 h	0.154659229428532
1 h	0.143575170714258
1 h	0.116143411466871
1 h	0.0855736904135293
1 h	0.153983479382779
1 h	0.107443262477898
1 h	0.0552268483702122
1 h	0.213900252714352
1 h	0.128907189572306
1 h	0.188697130537842
1 h	0.190546944630569
1 h	0.0937719143661231
1 h	0.10884690501114
1 h	0.185755785170616
1 h	0.165110960516148
1 h	0.229599974282684
1 h	0.21563908408249
1 h	0.173389148859957
1 h	0.203250526289128
1 h	0.097300783281879
1 h	0.180706312269802
1 h	0.0834917512132083
1 h	0.220689144078065
1 h	0.173168440101644
1 h	0.144515770224851
1 h	0.1740263893932
1 h	0.238717061166773
1 h	0.0826120615510778
1 h	0.137207668157915
1 h	0.217576207116438
1 h	0.264154923562199
1 h	0.11436509587274
1 h	0.203900040775084
1 h	0.192601708482402
1 h	0.205188906479382
1 h	0.143857176971544
1 h	0.209806806883455
1 h	0.217107316398981
1 h	0.167506642431814
1 h	0.231284336909367
1 h	0.178783646949681
1 h	0.171368276735968
1 h	0.241292973454116
1 h	0.187280510644915
1 h	0.145566793753896
1 h	0.155356714370581
1 h	0.194619615518597
1 h	0.217617145806295
1 h	0.211773716714969
1 h	0.133419357004713
1 h	0.168640007911305
1 h	0.142287677429991
1 h	0.176980191462379
1 h	0.154261302676077
1 h	0.116625209721353
1 h	0.179287779440673
1 h	0.211541770955194
1 h	0.220897206598607
1 h	0.0884602161778724
1 h	0.132876958671636
1 h	0.228929529576216
1 h	0.217487758947756
1 h	0.135651854240566
1 h	0.188919531984733
1 h	0.184977197380396
1 h	0.231346391586973
1 h	0.169906104514319
1 h	0.234366125151811
1 h	0.201689191242423
1 h	0.209587003786548
1 h	0.184375313841665
1 h	0.109642404311382
1 h	0.173594973898229
1 h	0.158117710278088
1 h	0.231343203370567
1 h	0.220885365009131
1 h	0.191240805823787
1 h	0.140808020393391
1 h	0.182191535907246
1 h	0.208958675510107
1 h	0.249272589578982
1 h	0.260742339955417
1 h	0.155438704215898
1 h	0.239320274013391
1 h	0.178312094313443
1 h	0.172073603308766
1 h	0.193784626237802
1 h	0.179090389892234
1 h	0.165503145523859
1 h	0.104985126722366
1 h	0.266658246311299
1 h	0.224510701223358
1 h	0.250028656716778
1 h	0.254726020854792
1 h	0.235066459996788
1 h	0.134020768275252
1 h	0.15806296459001
1 h	0.199423516244807
1 h	0.252055856654386
1 h	0.256223792580109
1 h	0.253762260157946
1 h	0.243507432195388
1 h	0.161940891927816
1 h	0.159088125863993
1 h	0.261747279473207
1 h	0.132804549027446
1 h	0.224390331672732
1 h	0.229005057998873
1 h	0.177579587699934
1 h	0.179996634560288
1 h	0.17933908182752
1 h	0.161191513100818
1 h	0.233384581557374
1 h	0.208539808207936
1 h	0.251203577410039
1 h	0.171049536859455
1 h	0.138157240384605
1 h	0.199167224721691
1 h	0.154456263294726
1 h	0.180696982451858
1 h	0.165243744383133
1 h	0.119583890038042
1 h	0.162077896477796
1 h	0.182996628226568
1 h	0.265584019545181
1 h	0.132238730322772
1 h	0.127392521318708
1 h	0.211181702721457
1 h	0.200191240646463
1 h	0.266763216740867
1 h	0.163670831295827
1 h	0.194617015754282
1 h	0.12639835050561
1 h	0.211395659362219
1 h	0.203224634018636
1 h	0.213311601283555
1 h	0.194673431630707
1 h	0.1397887813618
1 h	0.153910168543138
1 h	0.160767804076023
1 h	0.222173711828563
1 h	0.17663113413359
1 h	0.172751120346164
1 h	0.175674343223439
1 h	0.228609033571527
1 h	0.161690446144641
1 h	0.183736803573307
1 h	0.204146348371493
1 h	0.131647034160348
1 h	0.21639981627823
1 h	0.169941322079514
1 h	0.198876992426072
1 h	0.0969590437691148
1 h	0.194639221447984
1 h	0.223492467929351
1 h	0.186858389984365
1 h	0.205061131818238
1 h	0.144273510069016
1 h	0.173851326138186
1 h	0.231982329575659
45 min	0.224082198431677
45 min	0.192796594318036
45 min	0.121630369875663
45 min	0.233054928094306
45 min	0.197698727763839
45 min	0.195344967505291
45 min	0.181811330487031
45 min	0.193582401342506
45 min	0.239253127383103
45 min	0.215372304857645
45 min	0.234523984955242
45 min	0.147911784915089
45 min	0.268741653512548
45 min	0.217612095772644
45 min	0.195443044498587
45 min	0.139255203932611
45 min	0.216963819350775
45 min	0.250789791409833
45 min	0.0962249114275486
45 min	0.202482359009601
45 min	0.15084004179813
45 min	0.237848140525852
45 min	0.216454753450723
45 min	0.241005956347233
45 min	0.186143732730402
45 min	0.194068125352095
45 min	0.226991381232355
45 min	0.228148817813458
45 min	0.227696433235488
45 min	0.233146197428644
45 min	0.242318113213669
45 min	0.141983600750883
45 min	0.2469032274692
45 min	0.214431267740933
45 min	0.240269359659366
45 min	0.220926099216169
45 min	0.256373327630699
45 min	0.178677278013747
45 min	0.126507757193843
45 min	0.126003202273786
45 min	0.196692016535515
45 min	0.232304378687776
45 min	0.192526030608522
45 min	0.126354126101615
45 min	0.133927035332535
45 min	0.170159081868217
45 min	0.122800800985231
45 min	0.243409741674659
45 min	0.172953232308273
45 min	0.214080445160378
45 min	0.10844453162992
45 min	0.175937201906553
45 min	0.233705708384857
45 min	0.0942813688204908
45 min	0.147690100227655
45 min	0.149601427278971
45 min	0.17455797685217
45 min	0.219526765150209
45 min	0.242579978324808
45 min	0.226666905970907
45 min	0.103003136505821
45 min	0.0733385947246086
45 min	0.207138953187588
45 min	0.19409021235043
45 min	0.2345267784091
45 min	0.206222457757532
45 min	0.185251422865559
45 min	0.224546418594478
45 min	0.235493786644821
45 min	0.133798292808058
45 min	0.200037810309353
45 min	0.146884528450519
45 min	0.223858937222139
45 min	0.247822917041538
45 min	0.270404034378565
45 min	0.16128441918923
45 min	0.228870946891635
45 min	0.231698390477212
45 min	0.200829006633296
45 min	0.115443129398491
45 min	0.201790966512743
45 min	0.180367140316866
45 min	0.20659563937357
45 min	0.245977304720554
45 min	0.169183159622465
45 min	0.166027114851888
45 min	0.238549150304318
45 min	0.228767998493406
45 min	0.261498390650637
45 min	0.176084839743554
45 min	0.155359435082207
45 min	0.121350989523584
45 min	0.161061629594096
45 min	0.136719614308653
45 min	0.122099368558806
45 min	0.195044982999019
45 min	0.194716421060802
45 min	0.207880382805295
45 min	0.197023245295634
45 min	0.21345529073183
45 min	0.268368352231907
45 min	0.180988877482744
45 min	0.213169259964571
45 min	0.183192376001587
45 min	0.1845191731673
45 min	0.185114380663619
45 min	0.212475515034741
45 min	0.165061951889501
45 min	0.235558465232884
45 min	0.192728942937068
45 min	0.240724892924474
45 min	0.202598263204647
45 min	0.176672186940127
45 min	0.225550912954754
45 min	0.138264152161461
45 min	0.130080839380075
45 min	0.211368608958254
45 min	0.183879077565873
45 min	0.238091870486772
45 min	0.233376069371098
45 min	0.231769163561808
45 min	0.17685108980822
45 min	0.155484723437188
45 min	0.184112763172988
45 min	0.201557467190064
45 min	0.190451296798933
45 min	0.146037509292084
45 min	0.132767274097579
45 min	0.232715609522432
45 min	0.162414409722222
45 min	0.208181155934467
45 min	0.207790769738519
45 min	0.207043089402397
45 min	0.144883691626412
45 min	0.240210995717384
45 min	0.180508814005132
45 min	0.214150866619098
45 min	0.141110854758197
45 min	0.199570396311415
45 min	0.131308791584482
45 min	0.152235859634941
45 min	0.0960266780323425
45 min	0.186757234192338
45 min	0.196525174241008
45 min	0.16765328175291
45 min	0.150484662323955
45 min	0.261877865576997
45 min	0.206716922467237
45 min	0.135625371501392
45 min	0.191822690696179
45 min	0.192579171618357
45 min	0.197272201935041
45 min	0.216402025548179
45 min	0.131599663880068
45 min	0.205989669293869
45 min	0.22288172575775
45 min	0.147142071354331
45 min	0.166839016810469
45 min	0.237803477577643
45 min	0.230057008878354
45 min	0.13697284045193
45 min	0.247895157278733
45 min	0.185728109715641
45 min	0.184819366621685
45 min	0.26337126910122
45 min	0.169907264818183
45 min	0.137226094472726
45 min	0.219482282142983
45 min	0.227974091255136
45 min	0.280140425603272
45 min	0.201006740711583
45 min	0.208855451808445
45 min	0.155875055513728
45 min	0.208156134962204
45 min	0.238313422690257
45 min	0.214707436673014
45 min	0.213218671574753
45 min	0.181393888047214
45 min	0.158400238318218
45 min	0.171190443083582
45 min	0.0885930818622313
45 min	0.183813781650235
45 min	0.143128280124823
45 min	0.192552609289914
45 min	0.0911898491114291
45 min	0.143635534993642
45 min	0.16869524414277
45 min	0.204405495138864
45 min	0.120088125850191
45 min	0.185601069705528
45 min	0.105266889176034
45 min	0.256505377634323
45 min	0.150281116744215
45 min	0.109725430503459
45 min	0.140686969768706
45 min	0.200899607253232
45 min	0.233213345495378
45 min	0.139961363195743
45 min	0.207539354516498
45 min	0.203685020077135
45 min	0.163061210782711
45 min	0.185332104732054
45 min	0.222993979056557
45 min	0.125283477915737
45 min	0.0926871907110679
45 min	0.255341683754278
45 min	0.127818772059894
45 min	0.260038774903928
45 min	0.181788173481866
45 min	0.208335860657394
45 min	0.136248229152394
45 min	0.219611112367656
45 min	0.198313770668104
45 min	0.169951943585507
45 min	0.058287120801262
45 min	0.107244667898918
45 min	0.247388957770011
45 min	0.212466475754915
45 min	0.221303920583641
45 min	0.22395021091782
45 min	0.154897472862464
45 min	0.176266402235118
45 min	0.217516812468044
45 min	0.23881242015677
45 min	0.166878639723671
45 min	0.161197426515282
45 min	0.168181739478282
45 min	0.231421658248354
45 min	0.105383987326497
45 min	0.230302091407714
45 min	0.199290309464475
45 min	0.224021287786779
45 min	0.135818432411043
45 min	0.221050150665433
45 min	0.171671750127091
45 min	0.250705790464646
45 min	0.196706302489264
45 min	0.226120810716109
45 min	0.184942059423682
45 min	0.231648524644343
45 min	0.110285022800681
45 min	0.207501526788206
45 min	0.203923602425446
45 min	0.191099070925056
45 min	0.151848853049252
45 min	0.169397807128494
45 min	0.189507341860823
45 min	0.172707746906285
45 min	0.212575403295047
45 min	0.222033916555279
45 min	0.24941770767727
45 min	0.241861821427486
45 min	0.228747688935641
45 min	0.184920048527112
45 min	0.174124850749558
45 min	0.233159996805256
45 min	0.201036976525881
45 min	0.241006384153035
45 min	0.237182909052147
45 min	0.0574746710205178
45 min	0.170612426988307
45 min	0.203695725263652
45 min	0.152478133367093
45 min	0.250835445238368
45 min	0.231477856522802
45 min	0.126460436687315
45 min	0.247188985147478
45 min	0.142757130354002
45 min	0.233304134254464
45 min	0.0453567572784034
45 min	0.205472480254408
45 min	0.225320039145364
45 min	0.155467403811189
45 min	0.245483424422786
45 min	0.0961555187911677
45 min	0.199428670382764
45 min	0.178220071158282
45 min	0.206953371870907
45 min	0.174834384594307
45 min	0.119515266388007
45 min	0.196079077801138
45 min	0.214089578940224
45 min	0.1483749522376
45 min	0.227830984631922
45 min	0.155049066402993
45 min	0.230892934745749
45 min	0.213813845220639
45 min	0.204811670815533
45 min	0.130863736103861
45 min	0.168242387755794
45 min	0.150404303996139
45 min	0.100510824786639
45 min	0.130153532534391
45 min	0.0450333832880133
45 min	0.211740911705975
45 min	0.207793347680263
45 min	0.0495626529454774
45 min	0.192159285072654
45 min	0.092000639846245
45 min	0.209223824204285
45 min	0.0727326345830113
45 min	0.222032361901974
45 min	0.15487936476923
45 min	0.156766418996819
45 min	0.198011339354287
45 min	0.150568449377346
45 min	0.176505089400635
45 min	0.17353779162796
45 min	0.213975007758005
45 min	0.165316751175434
45 min	0.109600503633384
45 min	0.205673239618419
45 min	0.184447406822663
45 min	0.186902751156331
45 min	0.111516585931237
45 min	0.174225429296545
45 min	0.20611323109952
45 min	0.118868553096653
45 min	0.09953505976118
45 min	0.178615254806652
45 min	0.170082862640453
45 min	0.213699880715127
45 min	0.189362466781349
45 min	0.199543973355287
45 min	0.258849828436531
45 min	0.214780779560207
45 min	0.173390015447798
45 min	0.221215239214638
45 min	0.181707698661262
45 min	0.15384910695093
45 min	0.254999645587767
45 min	0.17671795107624
45 min	0.173594504511249
45 min	0.164285153202349
45 min	0.229787544040929
45 min	0.232162035075626
45 min	0.188051791764612
45 min	0.218884964929495
45 min	0.200534029336922
45 min	0.228086801658532
45 min	0.131577884059152
45 min	0.198226287436075
45 min	0.241456618307327
45 min	0.193647649801887
45 min	0.193017264381566
45 min	0.153788156827849
45 min	0.163121963242709
45 min	0.123322510246444
45 min	0.214766452253644
45 min	0.126826643319545
45 min	0.124657906843413
45 min	0.215342650695927
45 min	0.22662208041583
45 min	0.189720233509401
45 min	0.19481575988327
45 min	0.240299644357452
45 min	0.199808299361267
45 min	0.14977442322281
45 min	0.158647716446814
45 min	0.166630942034707
45 min	0.205280982770695
45 min	0.243896762964523
45 min	0.204419499643508
45 min	0.230827313253791
45 min	0.186141726502964
45 min	0.199360119780534
45 min	0.204084427215549
45 min	0.182577482765879
45 min	0.247459211777771
45 min	0.196199424355676
45 min	0.227237174808874
45 min	0.215280026918795
45 min	0.126329568899331
45 min	0.0688138011979142
45 min	0.170728901408868
45 min	0.0521739056251333
45 min	0.156119239971066
45 min	0.232640492695714
45 min	0.287518079640006
45 min	0.0573002976433179
45 min	0.105538563532368
45 min	0.113535467937299
45 min	0.0496514805528409
45 min	0.148121857141249
45 min	0.213640937651159
45 min	0.263443422606083
45 min	0.31059386496389
45 min	0.309512136716183
45 min	0.302851534047117
45 min	0.33175972873639
45 min	0.140770401136806
45 min	0.230069317543407
45 min	0.221099097377865
45 min	0.181191007443258
45 min	0.242396731996909
45 min	0.209055927382263
45 min	0.203200560265556
45 min	0.250093761952888
45 min	0.240649511621617
45 min	0.215469382584471
45 min	0.234842372423247
45 min	0.159321916966851
45 min	0.239663516049961
45 min	0.184892338221713
45 min	0.241417712238736
45 min	0.155601450884799
45 min	0.203969583610841
45 min	0.222183856686578
45 min	0.227294303540991
45 min	0.24715887477789
45 min	0.263005517945226
45 min	0.187573267268802
45 min	0.178648685202395
45 min	0.232375416608084
45 min	0.213416674139904
45 min	0.228376546636389
45 min	0.234589700795783
45 min	0.149660973745725
45 min	0.262948792456214
45 min	0.220805939666696
45 min	0.22781504351078
45 min	0.191019865470464
45 min	0.212217269181169
45 min	0.100696335716163
45 min	0.269227741344634
45 min	0.191642645013181
45 min	0.210799346523047
45 min	0.223897259762722
45 min	0.227165526095277
45 min	0.139931700887404
45 min	0.171812670938205
45 min	0.173730647071874
45 min	0.162297276414975
45 min	0.250211988576097
45 min	0.23906336454693
45 min	0.229341911727796
45 min	0.258170661124913
45 min	0.245990432786451
45 min	0.185925559121273
45 min	0.193342525080471
45 min	0.231069970276436
45 min	0.266610081490161
45 min	0.126110520335278
45 min	0.22623965758256
45 min	0.194603553482669
45 min	0.162385510580594
45 min	0.219172350627836
45 min	0.181292816944875
45 min	0.232073322051353
45 min	0.195368854504666
45 min	0.225971210565517
45 min	0.176661182611913
45 min	0.0446799031251851
45 min	0.165065773680076
45 min	0.162340888019102
45 min	0.169270567844944
45 min	0.0825280800161403
45 min	0.196571133752884
45 min	0.108619226907642
45 min	0.151454125308999
45 min	0.19295700121536
45 min	0.186490323447813
45 min	0.186302463306304
45 min	0.200462409239263
45 min	0.230660463190803
45 min	0.1944811171228
45 min	0.243723394843912
45 min	0.177919592757236
45 min	0.258921437655788
45 min	0.158771406735873
45 min	0.22156643802781
45 min	0.245614112185702
45 min	0.211325736887731
45 min	0.177164165716206
45 min	0.276186404067681
45 min	0.105988856136108
45 min	0.238637712528521
45 min	0.197535575426629
45 min	0.172755047503182
45 min	0.153764240297956
45 min	0.130502716618459
45 min	0.200981939488821
45 min	0.0931189451088167
45 min	0.242514047372323
45 min	0.17264928479952
45 min	0.172471518373914
45 min	0.158665973713545
45 min	0.251093811293338
45 min	0.24584611585809
45 min	0.181400155954056
45 min	0.131536456089197
45 min	0.199091764084428
45 min	0.145372446093192
45 min	0.249012892854484
45 min	0.22857185813961
45 min	0.177606788913396
45 min	0.174430527340938
45 min	0.122412173091681
45 min	0.230023636154231
45 min	0.217436248195005
30 min	0.222356232093542
30 min	0.193499605681812
30 min	0.195924694222725
30 min	0.227442084948908
30 min	0.167678692453001
30 min	0.188823770967891
30 min	0.0516552806840934
30 min	0.200419093008921
30 min	0.160028034665798
30 min	0.211246589129268
30 min	0.195414131968767
30 min	0.172103203288866
30 min	0.178779021448928
30 min	0.215920226767515
30 min	0.198371913521234
30 min	0.221130271633383
30 min	0.146254946517397
30 min	0.143100101197481
30 min	0.141985571956709
30 min	0.148759844259115
30 min	0.206528980060781
30 min	0.236803316962251
30 min	0.177610404911485
30 min	0.0766143836230749
30 min	0.141484301361722
30 min	0.163367962136227
30 min	0.113901625285991
30 min	0.103257440082083
30 min	0.107513204394742
30 min	0.157860791371424
30 min	0.11931618014175
30 min	0.185014830698682
30 min	0.0374793106734609
30 min	0.171417026867358
30 min	0.221686162849463
30 min	0.206020802540774
30 min	0.193790128244022
30 min	0.104045740407705
30 min	0.197158956613833
30 min	0.214679724153707
30 min	0.22473716094076
30 min	0.0676053015004757
30 min	0.076748400413727
30 min	0.107156494260821
30 min	0.190036778445476
30 min	0.181321242136943
30 min	0.196288924581064
30 min	0.259028999989225
30 min	0.11189789914868
30 min	0.163940639668467
30 min	0.194765201682026
30 min	0.134440573357569
30 min	0.167682020216255
30 min	0.107839806762569
30 min	0.198155633096901
30 min	0.172896575543395
30 min	0.182771479092282
30 min	0.113571840917492
30 min	0.1353642077478
30 min	0.159088048154031
30 min	0.216037699144995
30 min	0.122052977612611
30 min	0.176509050623249
30 min	0.126185076024409
30 min	0.0950136635094335
30 min	0.114711100131447
30 min	0.0721737975374202
30 min	0.0605028999410146
30 min	0.10695110278708
30 min	0.116780553494772
30 min	0.0927762496629966
30 min	0.149469244165209
30 min	0.183036057540054
30 min	0.0948318902269814
30 min	0.112206006126588
30 min	0.0559727924685536
30 min	0.109099691208993
30 min	0.137269169847728
30 min	0.0515779105626209
30 min	0.19913734598496
30 min	0.244630383387399
30 min	0.211283504341453
30 min	0.246046400599544
30 min	0.198720726685441
30 min	0.189203748223439
30 min	0.0551571325529024
30 min	0.0364490939303861
30 min	0.215884515289007
30 min	0.13302607881831
30 min	0.188426255520918
30 min	0.106731701245018
30 min	0.2622004031907
30 min	0.0603466368024381
30 min	0.142535543160606
30 min	0.162965029521909
30 min	0.192505738019993
30 min	0.138531905338893
30 min	0.0854072434719649
30 min	0.166286337735413
30 min	0.194236477034796
30 min	0.241715220622515
30 min	0.228932169500262
30 min	0.209771202432642
30 min	0.205145873072717
30 min	0.228485215896693
30 min	0.114437148831144
30 min	0.248017602832152
30 min	0.17692229189607
30 min	0.211116017655472
30 min	0.0686582347036919
30 min	0.0829085856415491
30 min	0.095119364446725
30 min	0.2240375214977
30 min	0.211542464689717
30 min	0.162826549796026
30 min	0.21827008478361
30 min	0.139640686158454
30 min	0.22114389108221
30 min	0.144328521957086
30 min	0.235971281295079
30 min	0.174902686487549
30 min	0.147644836631225
30 min	0.152985130364168
30 min	0.170197262577016
30 min	0.121025438958134
30 min	0.157827856787601
30 min	0.175116273123334
30 min	0.21437343511159
30 min	0.225248938360396
30 min	0.170132989000397
30 min	0.134950108767956
30 min	0.229525799358859
30 min	0.158066732030076
30 min	0.110531554976671
30 min	0.161418091107878
30 min	0.113713698836845
30 min	0.145167507847833
30 min	0.146817382256774
30 min	0.124191909007262
30 min	0.175941076453327
30 min	0.169813250292761
30 min	0.186944504694175
30 min	0.142192638711818
30 min	0.181499427736734
30 min	0.156403266473246
30 min	0.0867177090456504
30 min	0.148399143685302
30 min	0.246350132642673
30 min	0.128279979528221
30 min	0.208851630991485
30 min	0.0719082435095442
30 min	0.163677427919547
30 min	0.144998834008563
30 min	0.188855238377531
30 min	0.186718117624588
30 min	0.118770424088542
30 min	0.0791344818120972
30 min	0.192125989709833
30 min	0.1387135678698
30 min	0.207859427430374
30 min	0.164972340895568
30 min	0.179760548709156
30 min	0.234176633592655
30 min	0.240466805391017
30 min	0.215847714857764
30 min	0.223948362075105
30 min	0.104282467007013
30 min	0.206121744462405
30 min	0.0723775158417295
30 min	0.18068363413699
30 min	0.122470233804351
30 min	0.142645734216912
30 min	0.178429676846636
30 min	0.172071319867456
30 min	0.212419822927986
30 min	0.0876793418724382
30 min	0.176195517301559
30 min	0.217351248923679
30 min	0.133126920315739
30 min	0.207777057765132
30 min	0.192873878587968
30 min	0.162046493523228
30 min	0.247264543618794
30 min	0.170260280919761
30 min	0.179695881256815
30 min	0.211156015802369
30 min	0.212030180135949
30 min	0.217621410366349
30 min	0.14522402255238
30 min	0.182358848246342
30 min	0.164139688628645
30 min	0.217683677944655
30 min	0.090228661159085
30 min	0.233541404685777
30 min	0.0239429576699552
30 min	0.165585683289797
30 min	0.154459318986503
30 min	0.219233442586584
30 min	0.175471348298917
30 min	0.185139873877452
30 min	0.177764055397999
30 min	0.157969090321016
30 min	0.0736292665465962
30 min	0.202857867225434
30 min	0.196639470809884
30 min	0.212713088251011
30 min	0.240760926391211
30 min	0.179733708976873
30 min	0.199348274306382
30 min	0.19936647327149
30 min	0.1560723146753
30 min	0.132272793176217
30 min	0.136659798752532
30 min	0.0969292285482387
30 min	0.129568683822129
30 min	0.202634447595983
30 min	0.175364872969866
30 min	0.0960178523424184
30 min	0.0671486431308097
30 min	0.13359264365462
30 min	0.162230283276667
30 min	0.0731833913498301
30 min	0.187346795958776
30 min	0.111077915411972
30 min	0.0876081349585745
30 min	0.0807841566671158
30 min	0.111161161398951
30 min	0.0540986585405671
30 min	0.160935506213156
30 min	0.12300413129329
30 min	0.138164223675347
30 min	0.0641090350254228
30 min	0.0724392718458537
30 min	0.146484452449733
30 min	0.164277342960391
30 min	0.0843052848753972
30 min	0.156705436803949
30 min	0.0865193739392951
30 min	0.178011029034057
30 min	0.165119287339312
30 min	0.166514159358713
30 min	0.0538255079952726
30 min	0.137584415103482
30 min	0.059249524894207
30 min	0.160284520412814
30 min	0.251340697589557
30 min	0.086298205474591
30 min	0.180155340154879
30 min	0.0636522826359755
30 min	0.153273664067787
30 min	0.221693698153606
30 min	0.191610129142141
30 min	0.178223377016989
30 min	0.145035392154291
30 min	0.2072056943025
30 min	0.14705949424312
30 min	0.201440760338233
30 min	0.187780779189974
30 min	0.125040549539346
30 min	0.174385595475612
30 min	0.215362721669557
30 min	0.175830347620086
30 min	0.0543526700841601
30 min	0.0814521494643774
30 min	0.163936479680779
30 min	0.165178491838588
30 min	0.135837589794891
30 min	0.118045237879293
30 min	0.068144227471604
30 min	0.0710377698288203
30 min	0.0981586418822744
30 min	0.133423819968799
30 min	0.0317772097092042
30 min	0.0966818283514484
30 min	0.191186440168934
30 min	0.13421078640195
30 min	0.0750839813985418
30 min	0.199410073021726
30 min	0.194581675458103
30 min	0.135553060002936
30 min	0.139256742597586
30 min	0.0860760818142389
30 min	0.215363795838595
30 min	0.0829868800273922
30 min	0.163056686356197
30 min	0.0853897718083563
30 min	0.202181563738969
30 min	0.140771394915758
30 min	0.15406311491562
30 min	0.0828739993749921
30 min	0.159137026245326
30 min	0.073760478916167
30 min	0.191228116294618
30 min	0.127599872341043
30 min	0.0364630949032766
30 min	0.076365102034194
30 min	0.126523781582093
30 min	0.128291997542006
30 min	0.137972011579321
30 min	0.0541362491889173
30 min	0.166653921309495
30 min	0.201795129523303
30 min	0.0670500533152467
30 min	0.0683538127813942
30 min	0.16701368082297
30 min	0.125489387176579
30 min	0.107393106511279
30 min	0.219008346832592
30 min	0.180339538412127
30 min	0.140977851097679
30 min	0.162837617624331
30 min	0.219214318417829
30 min	0.213057484390477
30 min	0.0897726476030051
30 min	0.136402513277664
30 min	0.148230344677867
30 min	0.133009338021656
30 min	0.132442264664668
30 min	0.197409545199526
30 min	0.214700074755635
30 min	0.151927520353769
30 min	0.115717856082019
30 min	0.171997200544281
30 min	0.137108646329656
30 min	0.187944853745098
30 min	0.172005322694562
30 min	0.0602457789776823
30 min	0.174688055100385
30 min	0.0720836298286643
30 min	0.206619563805494
30 min	0.13384802425094
30 min	0.179852078804201
30 min	0.100742711775095
30 min	0.158559754232693
30 min	0.161708530246831
30 min	0.0923446603053732
30 min	0.191110842760804
30 min	0.131562061118476
30 min	0.0412387973587815
30 min	0.213954697423924
30 min	0.181606545751693
30 min	0.128169613346787
30 min	0.0829260571884577
30 min	0.0332371895423034
30 min	0.121587762161848
30 min	0.0811880702720547
30 min	0.120186999614955
30 min	0.0454125749779045
30 min	0.100948857106182
30 min	0.0999971451716269
30 min	0.140304249659739
30 min	0.0787982592372346
30 min	0.115539924563703
30 min	0.142779941098131
30 min	0.17415623056523
30 min	0.135861349597027
30 min	0.144487131426399
30 min	0.139344570038099
30 min	0.0892843809434731
30 min	0.0829896339054818
30 min	0.0323943825170834
30 min	0.188258172179132
30 min	0.164465322241929
30 min	0.207554035185853
30 min	0.0509142560979023
30 min	0.185832759171956
30 min	0.0685858522534685
30 min	0.151853412734251
30 min	0.0367240374182223
30 min	0.165099136172805
30 min	0.113379026886038
30 min	0.111978762090109
30 min	0.0778895249802957
30 min	0.202616640654374
30 min	0.161387620977331
30 min	0.132760204632441
30 min	0.201880946046739
30 min	0.148671533407087
30 min	0.097612535470763
30 min	0.163107972693
30 min	0.148847109480902
30 min	0.060522044795358
30 min	0.0754126541051897
30 min	0.0716850594944702
30 min	0.139472654571582
30 min	0.0921759625708858
30 min	0.039126294622111
30 min	0.184122521580712
30 min	0.217217944558937
30 min	0.2272361349908
30 min	0.0562025851678974
30 min	0.13877403269136
30 min	0.18384446286924
30 min	0.120299589022083
30 min	0.160676511087811
30 min	0.208594211913064
30 min	0.193017236497829
30 min	0.076229746509566
30 min	0.0911922609223904
30 min	0.0853218013676509
30 min	0.2545995428844
30 min	0.191429354454655
30 min	0.0482776150379964
30 min	0.048128550112175
30 min	0.11269562571717
30 min	0.100371583383082
30 min	0.145050699840154
30 min	0.119028636200349
30 min	0.129922020306351
30 min	0.203252264562773
30 min	0.175199315523607
30 min	0.21638732574148
30 min	0.198093997569562
30 min	0.219435451372273
30 min	0.0846722414463067
30 min	0.168809778926478
30 min	0.204195143188107
30 min	0.208204591571423
30 min	0.218825977552299
30 min	0.208706190240013
30 min	0.0381729489959193
30 min	0.124162229280399
30 min	0.222920941145774
30 min	0.213533553203241
30 min	0.198519034245593
30 min	0.213277273577892
30 min	0.111192171387314
30 min	0.201214332211118
30 min	0.165784967736399
30 min	0.142076592625861
30 min	0.111400492923962
30 min	0.0469483800266
30 min	0.165652522088087
30 min	0.163709774933262
30 min	0.0724413018042741
30 min	0.0989579628990043
30 min	0.135584423127839
30 min	0.063174456387488
30 min	0.173769102908729
30 min	0.15458510152707
30 min	0.0996471558050268
30 min	0.122639112927432
30 min	0.0812775633861469
30 min	0.170722167078635
30 min	0.163297032512242
30 min	0.0865683972737448
30 min	0.0520878531194424
30 min	0.154372562023274
30 min	0.114065026307039
30 min	0.163452979184156
30 min	0.185310073756698
30 min	0.142147397293835
30 min	0.207740908084085
30 min	0.043076948900506
30 min	0.217444763802115
30 min	0.228386492033887
30 min	0.219778198647634
30 min	0.128812307275818
30 min	0.150840306603606
30 min	0.151593053706854
30 min	0.0967958313852473
30 min	0.124611371903056
30 min	0.104022832542048
30 min	0.141877466519237
30 min	0.138350652879404
30 min	0.089166127130707
30 min	0.160166297002243
30 min	0.110643424221074
30 min	0.180187248477577
30 min	0.187346706268406
30 min	0.149716905284404
30 min	0.187564625954084
30 min	0.178659961718109
30 min	0.097250996526524
30 min	0.190020301020428
30 min	0.236005710676843
30 min	0.200437801442468
30 min	0.211230022586422
30 min	0.238795932752807
30 min	0.158549305435781
30 min	0.212090074803325
30 min	0.214834900946477
30 min	0.238778919292252
30 min	0.197243374302487
30 min	0.217861042655211
30 min	0.184588228671899
30 min	0.224755060649532
30 min	0.215471074333858
30 min	0.166090348262518
30 min	0.171717690918828
30 min	0.190656375109863
30 min	0.189612735874405
30 min	0.0536531791045861
30 min	0.147319189147587
30 min	0.183667860298424
30 min	0.249863738249705
30 min	0.178782563192689
30 min	0.188593982825752
30 min	0.201998407802873
30 min	0.229791572790097
15 min	0.181842783772332
15 min	0.025018923017919
15 min	0.186409406203854
15 min	0.0262069033519834
15 min	0.108789100708141
15 min	0.0306332746654326
15 min	0.156843215107154
15 min	0.155136970406713
15 min	0.0354109371877295
15 min	0.17475051520554
15 min	0.180838465067114
15 min	0.110957123073861
15 min	0.0933628590564429
15 min	0.234412904867786
15 min	0.0302653284130421
15 min	0.101390241042122
15 min	0.0316011787439384
15 min	0.185717262801525
15 min	0.0982546892586538
15 min	0.0309659495213649
15 min	0.0510156604142474
15 min	0.0265968169413645
15 min	0.0290994731694614
15 min	0.138051526233489
15 min	0.0252236166942533
15 min	0.0904951809421549
15 min	0.131304463611493
15 min	0.146971247690076
15 min	0.0249629251881079
15 min	0.148925631849229
15 min	0.114958170520606
15 min	0.0431669767677087
15 min	0.110278434363096
15 min	0.0249993230557952
15 min	0.117979333812725
15 min	0.131876796049565
15 min	0.0491008538630575
15 min	0.100562054061913
15 min	0.0697140079681752
15 min	0.11070243395557
15 min	0.0898219287134435
15 min	0.115935100743044
15 min	0.0722447015287795
15 min	0.0201311566304681
15 min	0.0960738346286959
15 min	0.0314218103879932
15 min	0.102060617839273
15 min	0.0645723338770873
15 min	0.0635866942317346
15 min	0.0869033729656471
15 min	0.0232093502216497
15 min	0.0294263834608202
15 min	0.0293804998194746
15 min	0.126714469166269
15 min	0.0801415701443976
15 min	0.147009264178313
15 min	0.0622933672678543
15 min	0.153978295158957
15 min	0.159548671775822
15 min	0.213445819800414
15 min	0.0214248883436212
15 min	0.0404504638589771
15 min	0.139123684699073
15 min	0.091674449693435
15 min	0.0467391666731092
15 min	0.106470166907162
15 min	0.0233758348003124
15 min	0.141624097407792
15 min	0.0226022141182804
15 min	0.0473851687270142
15 min	0.0325130115448699
15 min	0.119581997849618
15 min	0.124130468232635
15 min	0.292619675264316
15 min	0.094815858983939
15 min	0.0292777990497926
15 min	0.0251734106240556
15 min	0.0647984008030583
15 min	0.140976386362417
15 min	0.0769908864088996
15 min	0.224048567947743
15 min	0.106962865697368
15 min	0.0347409666254801
15 min	0.0896095941211781
15 min	0.068132242472768
15 min	0.0848719176923416
15 min	0.207647535590979
15 min	0.0609628518795678
15 min	0.207760959166484
15 min	0.13508097008636
15 min	0.0268272492463253
15 min	0.167878966950664
15 min	0.0534681761996901
15 min	0.0896045346924247
15 min	0.0328566634630205
15 min	0.200153986059475
15 min	0.0663116837073761
15 min	0.0770222696655088
15 min	0.0497494861801189
15 min	0.0417416978322957
15 min	0.0287944114699716
15 min	0.0697696433138189
15 min	0.0295342504401008
15 min	0.10373641326838
15 min	0.0531858032516065
15 min	0.053421811116053
15 min	0.0736062995923005
15 min	0.193063057556891
15 min	0.0341917060658889
15 min	0.158741798707616
15 min	0.0804852785821257
15 min	0.0857567726353554
15 min	0.0278272477412403
15 min	0.0549937004941793
15 min	0.0950060508475909
15 min	0.0260048802719139
15 min	0.0885229716349291
15 min	0.0788925777009288
15 min	0.0662440583499719
15 min	0.0955386675564096
15 min	0.101329642760317
15 min	0.0644310544640647
15 min	0.155691022048009
15 min	0.0284395440388085
15 min	0.120585046808441
15 min	0.154462856328152
15 min	0.189688537073535
15 min	0.242161412935417
15 min	0.0978585672416772
15 min	0.08607709058805
15 min	0.145105346152817
15 min	0.0319934837210282
15 min	0.085418487877934
15 min	0.0378173529848511
15 min	0.075072555742986
15 min	0.112184814235112
15 min	0.155306523817339
15 min	0.097494901254384
15 min	0.0284711896364631
15 min	0.127638739288977
15 min	0.195129657055816
15 min	0.0616122592072874
15 min	0.139133060812642
15 min	0.0273292326733939
15 min	0.123824818500369
15 min	0.159807457461629
15 min	0.0595552862368801
15 min	0.0230252651626867
15 min	0.0657928544749153
15 min	0.0483712343297734
15 min	0.18823846549371
15 min	0.144984944635831
15 min	0.0283391148918513
15 min	0.057400038883529
15 min	0.0583070241611696
15 min	0.158304423202737
15 min	0.0301377700581505
15 min	0.131470389586367
15 min	0.0890957085631164
15 min	0.185638751983243
15 min	0.115725484101976
15 min	0.1427944026581
15 min	0.141869665656282
15 min	0.0843513817361999
15 min	0.022320294945173
15 min	0.0260370500257059
15 min	0.0355457838241598
15 min	0.151294139523016
15 min	0.197154773003908
15 min	0.0872454180888586
15 min	0.0263967942984339
15 min	0.133560905730477
15 min	0.0765905496780035
15 min	0.0241099934930844
15 min	0.176822558510916
15 min	0.0434178635279131
15 min	0.0740255739128545
15 min	0.0457817975032604
15 min	0.0539905826616981
15 min	0.0422766134236426
15 min	0.0890295062789583
15 min	0.153365956514436
15 min	0.075177645941929
15 min	0.104936735298332
15 min	0.0319948391232265
15 min	0.179052763689349
15 min	0.0405001093112685
15 min	0.028270243780168
15 min	0.206675256470019
15 min	0.0477411130595652
15 min	0.154544805575114
15 min	0.0272327779903856
15 min	0.0277112300927776
15 min	0.0677789647464034
15 min	0.139100800473105
15 min	0.0854666812513702
15 min	0.199430454074011
15 min	0.0713295874803958
15 min	0.0284582152884331
15 min	0.0844396176608355
15 min	0.164061367053539
15 min	0.0999116475297166
15 min	0.0823217224274834
15 min	0.0399523463908837
15 min	0.0341841412516122
15 min	0.0277128197754185
15 min	0.0259983919880187
15 min	0.118647691791598
15 min	0.151945840328037
15 min	0.176041376030298
15 min	0.0386296882602956
15 min	0.0366244714995028
15 min	0.0328568192841175
15 min	0.138125923015271
15 min	0.129711829885407
15 min	0.0833473763069996
15 min	0.0251496056707141
15 min	0.098644593539166
15 min	0.0664629332990317
15 min	0.122165053007961
15 min	0.107957578827634
15 min	0.173671174770638
15 min	0.0925319790834917
15 min	0.0554074012498064
15 min	0.135396439604541
15 min	0.0341963746590849
15 min	0.059703402681415
15 min	0.16491484641608
15 min	0.0349336874057074
15 min	0.114588379173215
15 min	0.0298864276566052
15 min	0.0507910481575977
15 min	0.151223574264354
15 min	0.0693625892581264
15 min	0.128793917574903
15 min	0.0990816247312493
15 min	0.121277492665856
15 min	0.125303219198608
15 min	0.0519834108995616
15 min	0.0533778655178662
15 min	0.0859968375716855
15 min	0.0769987103212936
15 min	0.169252610939765
15 min	0.0390506873210304
15 min	0.116646967841179
15 min	0.145644725904592
15 min	0.126260940150915
15 min	0.207447752945696
15 min	0.156310467791164
15 min	0.0893661920810441
15 min	0.033181947328806
15 min	0.0483232721399128
15 min	0.0382728532564901
15 min	0.0833341357212455
15 min	0.0226811278427254
15 min	0.141323280268295
15 min	0.135563608014796
15 min	0.0659178128963616
15 min	0.0761225714435391
15 min	0.0252772091438951
15 min	0.237029110694044
15 min	0.0301206385412602
15 min	0.179253185332854
15 min	0.134202606724492
15 min	0.197916145923941
15 min	0.104543437606483
15 min	0.130576598214502
15 min	0.154487392091467
15 min	0.0618140925665685
15 min	0.0518902791751151
15 min	0.101303292376532
15 min	0.0762721398256195
15 min	0.0822234682975013
15 min	0.186530079632469
15 min	0.14894281574443
15 min	0.0369960820208679
15 min	0.0412249335768444
15 min	0.089532135225382
15 min	0.0498151716602735
15 min	0.176902519513313
15 min	0.166846999831991
15 min	0.0309432078988269
15 min	0.0378090744878402
15 min	0.0950137301414794
15 min	0.071252088740376
15 min	0.128361882702882
15 min	0.122114322144702
15 min	0.0538632872306845
15 min	0.0682431188282852
15 min	0.0673809560637347
15 min	0.0413625396420632
15 min	0.0530482247973264
15 min	0.0410076542364433
15 min	0.144828533740767
15 min	0.135172195179367
15 min	0.0836259009663487
15 min	0.0828932824854532
15 min	0.0866114384993063
15 min	0.0663007408027873
15 min	0.0651951013583199
15 min	0.0885181879200036
15 min	0.120300453262984
15 min	0.0411582332818173
15 min	0.099267657724403
15 min	0.166440256706552
15 min	0.093283451402917
15 min	0.106337448852537
15 min	0.0335104015493852
15 min	0.224248351401321
15 min	0.0289346820784882
15 min	0.0273746144355076
15 min	0.105630727390308
15 min	0.0294329422429399
15 min	0.0302415481331422
15 min	0.0249537753963865
15 min	0.135486656737659
15 min	0.184064555067499
15 min	0.127750340879801
15 min	0.135564701537243
15 min	0.0316105380937482
15 min	0.0711296735267707
15 min	0.0297376736501232
15 min	0.0334984914840073
15 min	0.0355939984542045
15 min	0.0335355666514436
15 min	0.0678974609829731
15 min	0.136729414439356
15 min	0.032311670309414
15 min	0.0334064224315685
15 min	0.196482817808839
15 min	0.158039441688388
15 min	0.0899484724363798
15 min	0.0510540240019596
15 min	0.172576156026338
15 min	0.202397573491128
15 min	0.101553964666052
15 min	0.0560482781799413
15 min	0.0497997464185271
15 min	0.155635987078559
15 min	0.172968213821532
15 min	0.155140144976746
15 min	0.117520171044009
15 min	0.113817934504196
15 min	0.189775271821934
15 min	0.0330767389974234
15 min	0.0267144113844706
15 min	0.0826297573017224
15 min	0.0298715168995712
15 min	0.0505769670442291
15 min	0.0729451570274868
15 min	0.0235302076314774
15 min	0.0727621384529759
15 min	0.0306521326529667
15 min	0.0839658958715866
15 min	0.0704978506466056
15 min	0.0555553621005063
15 min	0.0766053773974632
15 min	0.0335610309194125
15 min	0.0253074412274087
15 min	0.0243010248943539
15 min	0.118771427188751
15 min	0.192110813809965
15 min	0.258406420289212
15 min	0.170756989432465
15 min	0.270585812890538
15 min	0.249305668717613
15 min	0.262438166793039
15 min	0.295916310363831
15 min	0.282054012289793
15 min	0.199151108851839
15 min	0.200652761714802
15 min	0.184015184233576
15 min	0.197930094892278
15 min	0.217570071363974
15 min	0.167208755027185
15 min	0.222635432049826
15 min	0.27076492171646
15 min	0.182780655901998
15 min	0.139781957689026
15 min	0.0950647080517984
15 min	0.132492780412951
15 min	0.143742720142092
15 min	0.029907941041236
15 min	0.106985450522196
15 min	0.181238840852525
15 min	0.037188106742069
15 min	0.0258827718165505
15 min	0.0316871806106896
15 min	0.131650336239028
15 min	0.0311262552224073
15 min	0.0879590814420809
15 min	0.0299581951518707
15 min	0.0309506179942334
15 min	0.0374051728396953
15 min	0.139017905663674
15 min	0.100549942485892
15 min	0.0352464329248175
15 min	0.0750505246223812
15 min	0.143010742822358
15 min	0.0539017605825722
15 min	0.116373782769887
15 min	0.0308079888077583
15 min	0.0308402281089502
15 min	0.242929638943083
15 min	0.074178937080893
15 min	0.133200917926609
15 min	0.0275156662276075
15 min	0.0266084766289089
15 min	0.146735174816331
15 min	0.0343323267773356
15 min	0.0742433951599321
15 min	0.0320901037546755
15 min	0.129097050345155
15 min	0.124837464191348
15 min	0.0822144631053482
15 min	0.0328410095198287
15 min	0.0268433914345642
15 min	0.0340679879473879
15 min	0.101178339817168
15 min	0.121557495274219
15 min	0.0902566926659406
15 min	0.116105558451695
15 min	0.122358065442602
15 min	0.0266149812710322
15 min	0.111074020552178
15 min	0.0816381536930537
15 min	0.0324311789611294
15 min	0.024143454164667
15 min	0.12291989527793
15 min	0.0818920587210912
15 min	0.153195845608309
15 min	0.133904459362826
15 min	0.169731897432072
15 min	0.0261119345913513
15 min	0.149493995759552
15 min	0.0677502164944164
15 min	0.142995861276625
15 min	0.0333055410972503
15 min	0.12991272597576
15 min	0.081696513378718
15 min	0.100029639243112
15 min	0.0242305455001709
15 min	0.0289990344614991
15 min	0.109155335638854
15 min	0.0862652519424906
15 min	0.0206452392907835
15 min	0.138183558873702
15 min	0.116550594044511
15 min	0.0308355209502919
15 min	0.0693029451211587
15 min	0.0282283492081284
15 min	0.0307359075174803
15 min	0.158069099003406
15 min	0.034852608602058
15 min	0.0448677713570402
15 min	0.145290031208545
15 min	0.0409933932068333
15 min	0.14281417838597
15 min	0.0246331878566976
15 min	0.0464741192310061
15 min	0.0982467355827553
15 min	0.110479267523132
15 min	0.17533504253945
15 min	0.0855443704174543
15 min	0.0858429468204409
15 min	0.0271215939962439
15 min	0.0400013151121063
15 min	0.109808841555806
15 min	0.220295556919163
15 min	0.0293485989248446
15 min	0.0239254838476885
15 min	0.0303182953137434
15 min	0.0262401839843434
15 min	0.20873212243354
15 min	0.0384117987331568
15 min	0.166696868173808
15 min	0.109290527079517
15 min	0.0296594860424509
15 min	0.0494624385088546
15 min	0.128404281299182
15 min	0.187164066945062
15 min	0.154200919500243
15 min	0.11478398582077
15 min	0.0464587355489549
15 min	0.0704923034288287
15 min	0.0218877634337336
15 min	0.0533762540927673
15 min	0.031056164149616
15 min	0.0845805172059549
15 min	0.0623103068768998
15 min	0.100341779017873
15 min	0.0586802039438185
15 min	0.0525312563073982
15 min	0.184259652845692
15 min	0.0719269517378284
15 min	0.0295149273581287
15 min	0.098855617452528
15 min	0.101649629260276
15 min	0.0965149853973831
15 min	0.0968315863096856
10 min	0.0534685912442709
10 min	0.285709610542649
10 min	0.133101968762871
10 min	0.214686098277748
10 min	0.181991579370896
10 min	0.183704720820082
10 min	0.203450476503683
10 min	0.283501625646467
10 min	0.153436009945451
10 min	0.116448172121545
10 min	0.17986026563969
10 min	0.0334182049936574
10 min	0.115767175497839
10 min	0.216760325602973
10 min	0.0339996561308685
10 min	0.0640416972827806
10 min	0.0607619249284232
10 min	0.215983287639421
10 min	0.201369402699534
10 min	0.255179782645271
10 min	0.156570101967289
10 min	0.185099654989029
10 min	0.0872130732406458
10 min	0.225861997690159
10 min	0.187601477973843
10 min	0.10609505093338
10 min	0.175602223547274
10 min	0.149705458522122
10 min	0.0227972742893912
10 min	0.0455092122607453
10 min	0.169631088077444
10 min	0.0629203939014845
10 min	0.0492158959878845
10 min	0.0255011248185767
10 min	0.169317473762536
10 min	0.0285907171426636
10 min	0.0703990690048186
10 min	0.105778218208147
10 min	0.166753098436613
10 min	0.14455124417083
10 min	0.0699381517850063
10 min	0.136647939568464
10 min	0.164834965064223
10 min	0.06040762783756
10 min	0.0488534920642982
10 min	0.176504316301817
10 min	0.0976866922154006
10 min	0.0810499534711131
10 min	0.091750722844816
10 min	0.119578300145856
10 min	0.177634347330233
10 min	0.0256477517618724
10 min	0.0345198814373203
10 min	0.0297087497827913
10 min	0.197527876644814
10 min	0.115019955815762
10 min	0.187946964581399
10 min	0.117680940626505
10 min	0.150536615056498
10 min	0.187685101213783
10 min	0.13227598200974
10 min	0.0272355996233112
10 min	0.208736010092209
10 min	0.0827005361938582
10 min	0.15025056334068
10 min	0.0728113226281284
10 min	0.125951882908777
10 min	0.183311621016909
10 min	0.104344483404688
10 min	0.254606913552746
10 min	0.0505092904390924
10 min	0.167548262839816
10 min	0.0781345738768199
10 min	0.111488285779687
10 min	0.0460144998332469
10 min	0.120133701174186
10 min	0.0875345651293685
10 min	0.0869120592560692
10 min	0.161350102511874
10 min	0.0516477980897842
10 min	0.227047636935088
10 min	0.0541319768100502
10 min	0.0364008204052558
10 min	0.141660209759385
10 min	0.140463558034799
10 min	0.231229856527985
10 min	0.0529301536852238
10 min	0.0242500558216874
10 min	0.0702916597875737
10 min	0.055792953869245
10 min	0.0331314950406822
10 min	0.0371535439491014
10 min	0.096406408425006
10 min	0.0379091656527129
10 min	0.027567563123921
10 min	0.063267258740872
10 min	0.0178584127371485
10 min	0.143484327323672
10 min	0.207145066189696
10 min	0.0922064378103647
10 min	0.02115030858806
10 min	0.201666535619307
10 min	0.0586911577838109
10 min	0.28276258804622
10 min	0.0647080877778896
10 min	0.0300512658579727
10 min	0.0352797874324507
10 min	0.206608130694143
10 min	0.225223736740441
10 min	0.0949690927152658
10 min	0.120830767779241
10 min	0.0780284297857542
10 min	0.0708846884701455
10 min	0.0711671074599268
10 min	0.105595071718992
10 min	0.175237325914228
10 min	0.160738352136219
10 min	0.0296785429271116
10 min	0.162644958582147
10 min	0.264958095539809
10 min	0.0531830356889308
10 min	0.0711271951647717
10 min	0.185882837408719
10 min	0.125845220546512
10 min	0.129537444112716
10 min	0.241180044002355
10 min	0.159920139661179
10 min	0.191523084801515
10 min	0.172472886629854
10 min	0.157400161940943
10 min	0.107441302559231
10 min	0.0283189681912389
10 min	0.223341536732408
10 min	0.120979563059406
10 min	0.129289507867948
10 min	0.19833265316653
10 min	0.0729034521187086
10 min	0.133988764823703
10 min	0.114634849830535
10 min	0.053201129472208
10 min	0.128105129506058
10 min	0.155886042980503
10 min	0.0430903516356843
10 min	0.160152068167558
10 min	0.123598172433557
10 min	0.0531554644879953
10 min	0.0910653137056982
10 min	0.160456726419729
10 min	0.0241491540147497
10 min	0.126805704463238
10 min	0.0688404459634533
10 min	0.101037854046911
10 min	0.083000578617585
10 min	0.0359354132633216
10 min	0.264940608464625
10 min	0.0885827129771542
10 min	0.0719352253650278
10 min	0.041238724734483
10 min	0.120554052328692
10 min	0.189046400127061
10 min	0.131620564976924
10 min	0.0630394217368789
10 min	0.181447456375424
10 min	0.142815287186509
10 min	0.172402329949335
10 min	0.182378596787088
10 min	0.139743443768602
10 min	0.215628856576207
10 min	0.080763385938354
10 min	0.18022454144203
10 min	0.0422876644280075
10 min	0.12456497439755
10 min	0.0909231103185376
10 min	0.0869718525822949
10 min	0.182759685483589
10 min	0.137792634992852
10 min	0.207514501586137
10 min	0.180334208004069
10 min	0.0864382990273732
10 min	0.0880039412100877
10 min	0.22472841911591
10 min	0.137916688993577
10 min	0.126440734192219
10 min	0.175213677207409
10 min	0.0368175116744735
10 min	0.129810226151968
10 min	0.0472522127705745
10 min	0.0246229672007805
10 min	0.0994637633192392
10 min	0.157222552603366
10 min	0.140342957189337
10 min	0.128195080515996
10 min	0.0320451095393111
10 min	0.0627126011995089
10 min	0.0869002615910968
10 min	0.0510832266059563
10 min	0.0982891873508924
10 min	0.138092241500663
10 min	0.0774032866270596
10 min	0.116138339690593
10 min	0.113055295457736
10 min	0.0238601847448407
10 min	0.0262897914998058
10 min	0.200635913629494
10 min	0.104227074477402
10 min	0.0942298048878934
10 min	0.0906296735449144
10 min	0.067541234133026
10 min	0.20957326477269
10 min	0.202585372305854
10 min	0.168530762259072
10 min	0.109938688467095
10 min	0.129564427577614
10 min	0.247255836015028
10 min	0.0852360119173262
10 min	0.128996886444679
10 min	0.168689162696768
10 min	0.0313018962735788
10 min	0.211281175258828
10 min	0.149542118979513
10 min	0.0273325560488646
10 min	0.179319717397599
10 min	0.207067736211241
10 min	0.0279859491702515
10 min	0.150322289088855
10 min	0.107584524271836
10 min	0.156008811367641
10 min	0.187139538812726
10 min	0.105564143793615
10 min	0.0761919215880409
10 min	0.0682635041780567
10 min	0.185230521492443
10 min	0.0610838992988765
10 min	0.140628778302606
10 min	0.168077522690196
10 min	0.228988396246988
10 min	0.162107818774665
10 min	0.0315398528547909
10 min	0.0544380190160583
10 min	0.141141552066353
10 min	0.142954395858009
10 min	0.030432774080326
10 min	0.0376215995265485
10 min	0.0883286389914347
10 min	0.128318008193663
10 min	0.0334211565979757
10 min	0.247849761030394
10 min	0.0976949511035219
10 min	0.0734018791039129
10 min	0.119072596432889
10 min	0.287032005883186
10 min	0.0488722386067288
10 min	0.227624477800019
10 min	0.15293474591558
10 min	0.227677644115435
10 min	0.0877592169179574
10 min	0.190773849376516
10 min	0.0401099412853234
10 min	0.129752766186341
10 min	0.0301519401402028
10 min	0.141146229797417
10 min	0.0276295038649159
10 min	0.0835646500803552
10 min	0.131649550433483
10 min	0.117973016625779
10 min	0.0944590376087665
10 min	0.103393287086868
10 min	0.0438662284520063
10 min	0.200211528185391
10 min	0.0704315399654489
10 min	0.226854909117631
10 min	0.107711729270799
10 min	0.247953837158305
10 min	0.0735765928376106
10 min	0.182496196698467
10 min	0.208696496503429
10 min	0.105982806039524
10 min	0.202652603959971
10 min	0.090642618074816
10 min	0.186552920424737
10 min	0.0651958500273426
10 min	0.170248732432812
10 min	0.193389757998094
10 min	0.0296927036836522
10 min	0.105048764788287
10 min	0.0383671916461079
10 min	0.0751856179096743
10 min	0.0287053753723613
10 min	0.0657094995521637
10 min	0.0310306030652405
10 min	0.0300109996229598
10 min	0.129588930512095
10 min	0.0353166702872857
10 min	0.0639725728891099
10 min	0.112781105794021
10 min	0.0509614499682713
10 min	0.0233359291575692
10 min	0.0983835514158966
10 min	0.0799049893561037
10 min	0.0662567625538593
10 min	0.0653243441469054
10 min	0.154536522455873
10 min	0.203623345244784
10 min	0.0723814259511087
10 min	0.0256900130428951
10 min	0.158446503166915
10 min	0.0271619472991724
10 min	0.114003046114914
10 min	0.0878700865747356
10 min	0.113744503879434
10 min	0.171250505128642
10 min	0.193011358663476
10 min	0.0732639257993327
10 min	0.147558299906177
10 min	0.20582914402109
10 min	0.0584343129586046
10 min	0.0653212983735309
10 min	0.0660494656356842
10 min	0.0382319832983333
10 min	0.128545540544078
10 min	0.0327693163779492
10 min	0.24050126873425
10 min	0.0379555003444344
10 min	0.161857633859482
10 min	0.0397360933593115
10 min	0.100246795789302
10 min	0.252023203870058
10 min	0.123816456497421
10 min	0.135648971270641
10 min	0.113401710341129
10 min	0.165559095775281
10 min	0.170164503437586
10 min	0.1213241938863
10 min	0.0301550944669187
10 min	0.148647501025836
10 min	0.14921604693559
10 min	0.217449146091806
10 min	0.201999323808376
10 min	0.199350457412762
10 min	0.225936946649578
10 min	0.201600545951738
10 min	0.203749396044486
10 min	0.273691956059924
10 min	0.0814740389128889
10 min	0.119359703756355
10 min	0.100074714650672
10 min	0.216243360723896
10 min	0.10304182568009
10 min	0.177041148922265
10 min	0.1001458584919
10 min	0.163030747781532
10 min	0.0241917686007628
10 min	0.156349926901485
10 min	0.0797547175512967
10 min	0.0821312656445932
10 min	0.153585081429438
10 min	0.148654766847375
10 min	0.0305374081574739
10 min	0.192705955219147
10 min	0.161259301192854
10 min	0.173269814756911
10 min	0.15086955744652
10 min	0.133688829711839
10 min	0.197478265020881
10 min	0.149906198254118
10 min	0.177060496880381
10 min	0.167582761145682
10 min	0.068059177565621
10 min	0.163044461215825
10 min	0.199511964666747
10 min	0.166557466200532
10 min	0.0521351475068577
10 min	0.0213360793294049
10 min	0.190127240323838
10 min	0.0562813180853823
10 min	0.12743242540019
10 min	0.0765175829741603
10 min	0.0370660347080405
10 min	0.140407566943621
10 min	0.182390878568564
10 min	0.165820492598773
10 min	0.105511546844819
10 min	0.144469119242756
10 min	0.122647455662293
10 min	0.108166598924164
10 min	0.0813909149257172
10 min	0.253794005167587
10 min	0.190411484854324
10 min	0.0311560075927307
10 min	0.0287780179311743
10 min	0.0296289851859504
10 min	0.198723973597024
10 min	0.0825874338814221
10 min	0.13813581232426
10 min	0.154323649369948
10 min	0.113763077778852
10 min	0.0348696519908578
10 min	0.0630108025785759
10 min	0.0697449235201749
10 min	0.205239390829926
10 min	0.0238458538366211
10 min	0.0380774833355877
10 min	0.0276261668964131
10 min	0.0316737314246049
10 min	0.0578125078995595
10 min	0.0583319179229466
10 min	0.150555367675576
10 min	0.167774252392542
10 min	0.13409002145862
10 min	0.0515171995368634
10 min	0.0589496558720824
10 min	0.147108935043496
10 min	0.0701319864707861
10 min	0.126748869848571
10 min	0.0301728321058827
10 min	0.23194545435685
10 min	0.0997889857313668
10 min	0.102698772989569
10 min	0.0838963188701961
10 min	0.15921870673792
10 min	0.0518292740406053
10 min	0.170225831248744
10 min	0.106156977739876
10 min	0.186433133628905
10 min	0.149488368052303
10 min	0.150747360585402
10 min	0.0648602997245127
10 min	0.325552610026108
10 min	0.167539451465237
10 min	0.0714735600953117
10 min	0.0960530695838339
10 min	0.0472948707365049
10 min	0.132300585600903
10 min	0.15410158707142
10 min	0.0681066109651212
10 min	0.167655046755165
10 min	0.219380077080195
10 min	0.0332886122267137
10 min	0.190327636651556
10 min	0.133739538540097
10 min	0.159137668722501
10 min	0.233427341749061
10 min	0.206685635148405
10 min	0.112904132888321
10 min	0.0766986551226437
10 min	0.0848313822554716
10 min	0.0681594583381835
10 min	0.178691581618412
10 min	0.0892310514448386
10 min	0.113801971543954
10 min	0.107273714343034
10 min	0.0362301385584114
10 min	0.207615419282812
10 min	0.0350328768518618
10 min	0.0908614834455164
10 min	0.0291021306184393
10 min	0.118972290074914
10 min	0.158018107032151
10 min	0.238660398564599
10 min	0.115446940343021
10 min	0.131421417671
10 min	0.163876091627096
10 min	0.0525987055885167
10 min	0.164661167597035
10 min	0.0986084368361444
10 min	0.212651902621481
10 min	0.0271099415742902
10 min	0.141006225353186
10 min	0.0784556222834424
10 min	0.078954601973307
10 min	0.0243881005265344
10 min	0.0307177961209463
10 min	0.108897363536917
10 min	0.168309376211313
10 min	0.0315695393272243
10 min	0.158940461790796
10 min	0.146249854808966
10 min	0.162091818286616
10 min	0.0809760073819832
10 min	0.0505735261658975
10 min	0.0772920350051864
10 min	0.182190046377463
10 min	0.194566889035932
10 min	0.0590790715767555
10 min	0.050821238910175
10 min	0.222071372868678
10 min	0.160838975078489
10 min	0.125911352097618
10 min	0.131435647828692
10 min	0.0756805185567048
10 min	0.0713482183911871
10 min	0.229712839346332
10 min	0.0255860088983608
10 min	0.0405643726431845
10 min	0.128774906545948
10 min	0.0932119169822951
10 min	0.214728761212426
10 min	0.219879914721681
10 min	0.149938455043707
10 min	0.193590301066943
